building_id,latitude,longitude,CO2_Usage,Water_Usage,Energy_Consumption
1,52.15263064705426,-0.5144203361310837,1524,5071,1665
2,50.49557291965496,-0.1561218490772327,1745,5614,1564
3,51.11231815027833,-1.1775247231435761,1290,4054,1522
4,52.64542370224939,-2.253807849049787,1737,4007,1646
5,51.16632744696445,-3.178791843285576,1626,5796,2145
6,51.839477724812134,-2.4861461379161893,1326,5068,2400
7,51.28656598221812,-0.08125866348722877,1962,5902,2478
8,50.893062511529,-2.6063252054814687,1662,4766,2070
9,52.0407689323243,-2.7946955576620938,1729,4980,2329
10,50.79947267590475,-0.005399864072111349,1646,5572,2032
11,49.97142043039309,-0.9538679695997283,1640,5322,1791
12,51.1252399683676,-1.688755132472548,1718,4365,2230
13,50.078174939982084,-3.110451756808244,1738,4248,1806
14,51.72436306037698,-0.9374823362161315,1668,5009,2018
15,51.027583400912384,-3.126299918839509,1849,4583,2030
16,50.589859887564295,-0.9592471049849842,1168,5949,1585
17,50.829930487853716,-1.091952811807328,1753,4929,1585
18,51.01329416597745,-1.7721795795956132,1036,4549,1679
19,50.07566783067167,-0.7440159759026441,1726,4029,1521
20,51.12648323247022,-1.0096348558619326,1047,4977,1829
21,51.19382428269259,-3.1528456423041504,1705,4330,1878
22,51.00069447368386,-0.5872382809699634,1555,5191,2196
23,51.35665325242158,-0.9252410307846333,1125,5646,1695
24,50.920645009032015,-2.711425045445419,1402,5186,2364
25,50.37850833672275,-1.5585024492654207,1451,4063,2167
26,50.863419467586304,-2.853091703399744,1862,4246,2331
27,50.7039920353882,-0.4859905329999603,1033,4737,1811
28,50.38876052290144,-2.0450592038083615,1257,4755,1937
29,51.812816108333934,-2.2990787659095613,1132,4895,1773
30,51.863010474411034,-1.4041027633370418,1336,5253,2065
31,52.641504002048876,-0.37466050797851125,1873,4050,1882
32,50.928113094436,-2.829764496026822,1493,5196,1607
33,50.850198614051486,-3.323607729878328,1300,5882,1700
34,52.4663236805662,-0.4084399169241424,1945,5000,2227
35,50.17041496842267,-2.1072672662271756,1713,4534,1529
36,52.210902985140564,-0.3139043091037017,1091,4217,1531
37,49.992116111755806,-2.808230002976796,1467,5583,2410
38,51.94627466966257,-2.615103606294558,1280,4047,1901
39,51.68656120369517,-1.023310250092575,1606,5891,1750
40,52.00271089281343,-1.2744320062685635,1088,5841,1583
41,50.543030159410655,-2.13993937873646,1278,5902,1708
42,52.04598368672785,-0.09976714999387637,1451,5863,1570
43,50.31523174199115,-0.5881180979071985,1704,4874,1952
44,51.24482127630143,-0.3248220587974133,1763,4517,2405
45,50.74933391923374,-0.34901363651808337,1652,5492,2352
46,52.66135754004646,-3.2157380416400487,1195,4451,1784
47,51.250516357566156,-0.5471335491718041,1515,4284,2373
48,50.00532688689972,-3.038284837585937,1277,5942,2242
49,52.04020359808268,-1.8647843043704802,1602,5781,1931
50,51.317526652525984,-2.9832398181974935,1134,4675,2079
51,50.69355816176835,-0.9376185492298541,1105,5716,2130
52,51.36277554503481,-1.0216263418823783,1528,5145,2062
53,50.898288350377975,-0.27307918346800797,1090,4081,2165
54,52.02868481647216,-3.1772185948745477,1499,4864,1808
55,49.95770093314831,-0.735913230548372,1051,5843,1531
56,51.03640467493294,-2.7623821642055493,1930,5404,1726
57,51.99785994436719,-3.249151206371503,1907,4808,2244
58,50.49232049890105,-2.962869712187457,1295,4919,1705
59,51.7504933222554,-1.9790923156870552,1052,4708,1631
60,52.529848719010445,-1.9995512242671807,1068,5977,2497
61,51.322301137395876,-1.8115873633745707,1592,4105,1504
62,50.875847961994076,-1.0094641233145207,1961,4476,2290
63,50.589228026974396,-2.8319166997179703,1224,4018,2482
64,51.80692187092335,-2.70665764178207,1150,4686,2494
65,51.35196470138402,-1.744144874453046,1912,5437,2065
66,52.75105336038639,-1.120015723158828,1519,4982,1772
67,50.0684318239969,-1.4698391044590926,1701,4127,2466
68,52.426588491733874,-1.8768738657399586,1601,4655,2412
69,52.470870572568934,-0.9266655574971874,1783,4671,1826
70,51.976093161893864,-1.1302135942794758,1054,5900,1545
71,50.91256228406215,-1.0490803890819427,1049,5965,2393
72,52.36173953886808,-2.680914138352968,1532,4721,1730
73,52.46699818860498,-2.806743528972925,1141,4649,2227
74,50.04960133708408,-3.2645461565310763,1261,4101,1901
75,51.039335044368116,-2.332591486986966,1469,4030,2081
76,51.92631755662602,-2.692443214440454,1960,4171,1913
77,52.503197682654516,-0.4839316924711663,1453,4424,2389
78,52.6242943775514,-0.3793332677067518,1012,5068,2089
79,50.90972261824623,-3.1713307462143367,1005,4894,1668
80,52.46538746569943,-1.6957963070532867,1163,5473,1797
81,50.52730461987387,-3.043856094072211,1259,5192,2481
82,50.55969275240748,-0.7130090776003524,1987,5066,1808
83,51.74429848137743,-0.6260359020245199,1437,4162,1972
84,51.947363632358396,-0.023000553191857787,1110,4909,2130
85,52.41576957313738,-1.6594308467265075,1261,4851,2389
86,52.477140946140025,-2.4802184021410913,1328,4944,1825
87,50.6543616174444,-1.7232319669993923,1265,4796,2062
88,49.97872313863887,-0.9116482853952173,1866,4007,1901
89,51.05999728930395,-2.85948531232321,1792,5236,2390
90,50.93012541963208,-1.3428669749375324,1097,5829,1665
91,52.67576238841836,-1.694556335516815,1281,4920,1609
92,52.15919311242267,-0.9689534431248576,1760,5582,2475
93,49.99872145848261,-0.41965050416464544,1233,4818,1542
94,51.00923324654485,-1.904609118833015,1244,5103,1637
95,51.487797957781716,-1.2440099018583726,1444,5524,1701
96,52.18028263031668,-0.1683765401218147,1961,4812,2156
97,50.776535803774955,-1.376905734153437,1194,4023,1557
98,51.73008684427471,-0.04750560172120544,1575,5093,1998
99,51.37330782734574,-2.9870450693003354,1862,4027,1973
100,52.22585098303155,-3.102152416447102,1443,4549,2417
101,50.177767248420906,-1.8376954510868868,1080,4660,1729
102,51.907645329460124,-2.465818583528108,1838,4404,2254
103,51.74771251648074,-0.9143752803358365,1347,5574,2332
104,50.23844005073711,-2.0296327947157273,1146,4463,2290
105,51.832260333017366,-3.398242012880173,1996,4497,1621
106,51.32001634254973,-0.4573304121071158,1571,5916,1751
107,51.67992964813552,-2.9118998552575563,1489,4498,2418
108,52.21604669055857,-1.4910213622327841,1616,5843,1986
109,50.81942497428929,-0.1846469946833551,1239,4971,1594
110,51.580989711503406,-1.3317082513326532,1770,5342,2201
111,52.74835804144823,-0.057182865640663216,1576,4582,2182
112,49.98243984286415,-2.9662911215035344,1058,5932,1584
113,51.55339832382261,-2.687574143267505,1571,4307,2188
114,52.49345925867052,-0.5317190016955173,1040,5808,2314
115,50.5853391593518,-2.0262859198732808,1578,4214,1799
116,50.18150978868319,-3.256462410902661,1869,5622,1939
117,51.36225992866631,-1.4312972276532947,1985,5436,2042
118,50.18050865669579,-1.7873885781674659,1226,4623,2063
119,51.10029480166482,-2.3928144821939545,1622,5062,1764
120,52.18726822084093,-2.812184213806717,1924,4231,1943
121,51.85322285393772,-1.7408975923853336,1534,5985,2032
122,52.56503555917826,-1.976249980237055,1281,4994,2072
123,50.49066549824854,-2.2823919927804615,1443,4717,2448
124,49.95376478079369,-0.8754601572468128,1848,4023,1603
125,50.61669401205415,-0.606483926184965,1511,5060,2029
126,52.232621054546605,-2.1715731545122354,1437,4996,2213
127,52.56562586433861,-2.1301011634685314,1138,5725,2286
128,50.10337949180177,-0.30585493339382896,1808,4373,2120
129,52.72733061685824,-2.5038810654644306,1198,4625,2232
130,51.27117736759882,-2.0099467712252026,1477,5029,2390
131,51.05906660073377,-0.045975108864520386,1779,4889,2248
132,50.43366233984702,-1.013482369510053,1310,4665,1639
133,52.281969765190446,-2.429989428800344,1914,4820,1651
134,52.05813281033037,-2.1236182832013335,1258,5163,2223
135,51.902284791328896,-0.658932826951649,1508,5306,2393
136,50.60150461207811,-3.2741483601292325,1304,5276,1794
137,51.137795594424496,-0.348522182992951,1347,4891,1907
138,51.5691060555939,-2.7149552217179878,1071,5889,1927
139,51.863413135418284,-1.4607943300393103,1974,4582,2358
140,50.81700122715656,-2.5494851361209996,1301,5163,1739
141,52.58912031937896,-0.19038041185542465,1292,4278,2388
142,52.14038746550866,-0.3373307214014387,1362,5144,1647
143,51.44844838991588,-1.4499049724756063,1592,4320,2060
144,52.08215119634447,-2.4694793940329416,1181,5836,2491
145,52.786067014855135,-2.631921102361369,1998,4348,1709
146,52.57793361365649,-3.372303926855705,1484,5137,2014
147,51.68232687823106,-1.6581665901834148,1087,4072,1677
148,52.28485932831162,-1.8760183553419378,1493,5501,1651
149,51.559953039398806,-2.7210447287072217,1650,5113,1649
150,50.17885679569463,-1.7916091238445122,1425,4397,1903
151,51.7511717482893,-0.03242810369462301,1484,5763,2056
152,52.17729974539522,-0.33561981698332,1541,4856,1559
153,51.91563332561051,-1.726488747326512,1634,4257,2024
154,50.585259707817514,-2.5725824902855203,1820,5181,1742
155,51.16434437112338,-1.656082361979429,1477,4167,1845
156,51.98981388006044,-3.3336254279098156,1536,5052,2029
157,51.982001985682714,-1.660886677977477,1605,5120,1842
158,52.185879296491414,-1.8877018545033593,1167,5505,1678
159,51.43541890179669,-1.062778426035825,1422,5588,2087
160,51.427163198105205,-2.068655788282289,1997,5514,2488
161,50.43458183120816,-1.8854943505298338,1355,5193,1991
162,52.78137835242342,-2.1250190664216353,1369,4886,1825
163,50.72685745895029,-0.9510444293746261,1376,4418,2236
164,51.004219822343465,-3.220652325962095,1528,5075,1601
165,51.95831674986512,-1.7633891015312253,1253,5119,1504
166,50.71254771179262,-2.2666003835525066,1565,5116,2101
167,50.29005199604851,-2.592307718397519,1809,5373,1981
168,51.81902782942295,-0.9927662665567887,1131,5796,2284
169,50.64424257553917,-1.410259385927282,1988,5762,1818
170,52.16258609339,-3.227990787930918,1016,5188,1753
171,52.34339631992651,-2.2975866988526636,1166,5662,1776
172,50.28807191935854,-1.6066006689013408,1015,5017,1562
173,51.33202778312203,-1.3403346811978727,1607,5365,1806
174,51.62502768730562,-1.956263388127943,1257,5369,2179
175,52.45693668021451,-2.9224590724291764,1269,5395,2156
176,49.971394342541466,-1.0365423042024045,1536,4754,1513
177,51.81009944292065,-1.7604255366007995,1462,4530,2440
178,52.150456933994036,-0.22073601225530393,1352,4945,2115
179,51.366997780715245,-3.232958644872962,1131,5466,1563
180,50.577429528776946,-1.2673772427428438,1131,4130,2167
181,51.092202738744945,-1.6819303333384952,1976,5167,2143
182,50.06795262086109,-0.18710436625021387,1953,4541,2297
183,51.09888818570102,-1.1021371112393394,1300,5413,2205
184,51.43706284881872,-2.7838109862486893,1121,5641,1579
185,50.143834413738965,-0.22514349131733846,1831,5710,1585
186,51.052145280367384,-1.4079400616575575,1512,5564,2142
187,50.644789489073524,-1.96187848489747,1772,5458,1584
188,50.027835117138125,-1.5314137576587061,1357,5438,1535
189,51.53061506773327,-2.679879937504344,1974,5612,1835
190,52.341247572489486,-0.2512465140339075,1903,4634,1633
191,52.623836905116676,-3.3521399964090057,1012,5485,2081
192,52.34587960060232,-0.6820981898821925,1788,5551,1756
193,52.460954115375465,-2.8995979756687458,1429,5387,1851
194,51.210474272558855,-0.4751601450403409,1511,5039,1869
195,50.690935843416426,-0.08020270752166869,1739,4939,1776
196,51.581166950511644,-2.000778344211186,1079,5939,1952
197,50.546830671530515,-0.8590648372616618,1453,5011,1770
198,52.60590983007016,-0.13413668270847445,1985,4066,1824
199,50.85401844622094,-0.6461783693122518,1583,5203,1723
200,51.27896221639616,-0.9320371118207449,1314,5036,1751
201,52.58257254620575,-0.6779128707725022,1109,4667,2053
202,50.22477620194663,-3.399814251124971,1104,4835,2447
203,51.98239792760111,-1.9589289483316328,1966,4714,1991
204,51.851072033710956,-0.41240921126692864,1675,4921,2097
205,52.49874695397373,-3.383286571859983,1320,4306,1731
206,51.802801156842236,-1.5930979972806794,1523,4264,1597
207,50.846220212095496,-1.5564918548916642,1955,5470,1859
208,50.00133659210894,-1.597341416050957,1590,4053,1895
209,52.08753756087801,-2.9648542096844084,1348,4654,2272
210,52.09862517834206,-3.1790185136718403,1075,4239,1972
211,52.34256642210384,-1.1387087108228147,1348,5689,2467
212,52.04985965512176,-1.7452084283941975,1664,5262,1808
213,52.14159743354608,-2.6762151624541377,1435,4154,2487
214,52.78232049206386,-2.2403529017578725,1061,4095,1539
215,51.39056606618427,-2.850938158584064,1558,4711,1593
216,51.853287129251065,-0.20148516759208857,1736,5479,2106
217,52.08853466720177,-1.7059289183081834,1369,4718,2132
218,52.36007717371516,-0.02285744980254778,1617,4196,1855
219,50.27805345523946,-0.5056516099539352,1900,4618,1986
220,52.70137413376839,-0.6905346563251911,1228,4866,2068
221,51.600263911861234,-1.1510535756024045,1126,5519,2251
222,52.49064309327882,-2.3278024866062346,1879,5346,2021
223,52.38145330492064,-1.7239502715436372,1405,5785,2366
224,52.43322398630893,-0.4919866042933756,1328,5583,1741
225,52.543234456996906,-1.2755571612549566,1821,5905,1964
226,52.23248994682038,-1.2819328834687704,1877,4437,2095
227,51.753241820808064,-0.8931946994979487,1356,4114,1745
228,51.5371495408711,-1.9703777882287499,1912,4080,2333
229,50.27688922926713,-2.5467801872319114,1670,4844,1524
230,51.65785119174838,-2.766683154062593,1708,5901,1582
231,50.56048207822786,-1.350241630017258,1430,4785,1971
232,52.01891785718068,-2.299329906945272,1076,5612,2082
233,52.566418223755846,-2.004044637643281,1205,4281,1696
234,50.2084507603256,-2.788829754563382,1100,5583,1757
235,50.62859746228835,-3.287124759159396,1863,4794,2438
236,50.92671550418893,-0.3533420529909037,1664,5102,2470
237,51.49036846357336,-2.746230565282161,1829,5335,1817
238,50.5790892259238,-0.7806448826335126,1232,4725,1634
239,52.47494295152216,-3.0092115244180455,1883,5763,1599
240,52.239956713563934,-0.541873414129141,1286,5900,1508
241,52.33199921973006,-0.6055704272942242,1730,5742,1866
242,50.354685828911904,-2.9094559822940362,1681,4280,1677
243,50.70078541526066,-1.3770549718892249,1957,5644,2051
244,51.25851171698319,-0.7756315383875454,1677,4478,2461
245,50.020924333564125,-1.7338611615826858,1128,5744,2440
246,50.979503826418075,-1.2679552156813276,1034,4549,1575
247,52.283614721766845,-1.5203211659447524,1417,4378,2405
248,50.05027853402935,-0.2090165756459026,1253,4724,2106
249,52.38894225596061,-0.05895370735053573,1587,4499,1806
250,50.01867004683849,-0.2706282156612989,1713,4863,2406
251,50.33171846608833,-0.34161577432080037,1354,4514,1578
252,51.201669583016006,-1.1677265429755694,1321,4323,1761
253,50.862991385222436,-0.8151537300637526,1555,4737,1567
254,50.96386366590104,-2.2184159587273555,1761,4569,1703
255,50.08447250797813,-3.37375727337997,1030,4537,1726
256,49.90833929126328,-1.356010302830207,1038,5278,1898
257,51.47163562368918,-3.3938704949020204,1087,5352,1825
258,52.68696244167291,-1.6213749936841326,1223,5098,1624
259,51.35854090693073,-1.124744816017075,1166,5344,1699
260,51.239610660839645,-1.833025955837854,1152,4489,1998
261,51.62774794646945,-1.6211571090831443,1919,4042,1995
262,52.57430887221565,-2.555009015274199,1291,4776,2473
263,50.056261044391995,-1.3385687401756945,1603,5368,1941
264,51.383027319522824,-1.362457765362508,1242,4949,1739
265,51.04474393001829,-2.413024335891301,1255,5779,1675
266,51.01604033600728,-3.0253069476776426,1602,4798,2446
267,50.896818489130226,-0.8373031830033035,1276,4601,2050
268,51.58182249549814,-1.4533966770530375,1057,4713,1700
269,52.55393789325528,-1.416682533394284,1994,4285,1884
270,50.78230812424046,-2.2248694619380345,1121,4817,2445
271,52.79238508021497,-0.4938124771544019,1094,4655,1997
272,50.084236088676555,-0.1902135587533902,1399,4954,1727
273,52.152898638076664,-0.37486054448770645,1984,4895,1584
274,50.72065187506656,-3.3219998892862486,1486,5759,2134
275,52.083569728047884,-2.6269263215191914,1530,4597,1889
276,50.943640788220584,-1.4943620571749299,1028,5181,2458
277,51.55289311029205,-1.8606866250246612,1132,5388,2355
278,50.77658346921801,-3.1387255414854653,1651,4327,2276
279,51.44244224055442,-2.40567430158109,1162,4305,1711
280,51.36386343318279,-1.8897720833221576,1455,5715,1635
281,52.228565931557185,-2.4466629486458467,1341,5604,2472
282,50.53142005651902,-2.101775577385877,1475,4328,1872
283,50.68913408578088,-3.104485958063131,1855,5755,2013
284,52.76294619398505,-0.5405463036472913,1773,4065,2493
285,51.63836208699967,-1.5092266361425186,1897,5405,1804
286,52.326795363020004,-2.3534679530536544,1717,5838,1643
287,52.75936226404028,-1.4631368032816987,1884,4211,2055
288,51.00011223690801,-2.202843250462143,1242,5305,1633
289,50.87222631641924,-1.6098130333369525,1898,5726,1806
290,49.96452531709606,-2.4406397370879342,1693,4787,2363
291,50.09407828901473,-2.3612987473047706,1414,4964,1719
292,50.037312843260274,-3.3276885716841824,1166,4578,2136
293,50.55258458908442,-0.9763283124019533,1754,5615,1880
294,51.541550099309156,-0.3965747137607911,1397,4567,1718
295,50.03596485496463,-0.8619865562885791,1102,4530,2054
296,52.43583119015288,-1.8947830137140382,1477,5307,1922
297,51.65610153577915,-0.12086055207738422,1817,5065,2305
298,50.66260748327355,-1.5063207560509098,1864,5916,2164
299,50.85402748274167,-3.3604295900381946,1003,5664,2482
300,52.162733721528284,-0.04806992544561561,1244,5865,2396
301,52.1962509096503,-2.3934954071779453,1951,4275,1955
302,51.157617766612965,-1.2488753494062999,1883,4058,1957
303,50.00335368205987,-1.6084812870838365,1545,4459,1886
304,51.975527327188736,-0.5330014777739587,1450,4104,1669
305,52.54246422370184,-3.2010172832395893,1492,4470,1861
306,50.63308091055473,-0.14352296522600794,1767,4834,1595
307,51.292568980670154,-1.8156012901312921,1121,5125,1978
308,50.340797921371646,-0.7606300872669816,1571,5628,1819
309,51.67268886797563,-2.9673413659820795,1013,4278,2161
310,51.93137219074397,-1.59025486375756,1228,4793,2438
311,51.25317074475124,-1.4239455111115822,1617,4224,1922
312,52.433672208392714,-1.173499399478334,1175,4837,1771
313,51.64587465141805,-1.693898320234444,1020,5081,2477
314,50.189231012821885,-2.630633402307536,1532,4181,2445
315,50.97073537446346,-0.1382431271610267,1254,5837,2332
316,52.788203034009236,-1.2740813791354269,1834,4989,2445
317,52.0429509031202,-0.3009841790401242,1744,5030,2422
318,50.46042328026459,-3.114929606681409,1966,4052,2215
319,52.05727193412157,-0.37027600498318947,1197,4364,1775
320,51.02139939663622,-1.074388518924796,1484,4978,1795
321,50.49174573459784,-2.272288107992372,1110,4348,2107
322,52.402136762420696,-0.36078004299733424,1405,4905,1880
323,51.867489508176014,-0.37407268257587356,1549,5328,2053
324,50.74986542302562,-0.9032748010137293,1678,4223,2055
325,50.2634149020428,-0.8302149440576629,1725,5356,1843
326,50.5568271756885,-2.3596717121016173,1674,4130,1986
327,52.19385478139006,-1.4578867066491537,1886,4025,2410
328,51.5090966596369,-1.7490421788926742,1504,4355,1710
329,50.39795745455147,-1.1670627296920286,1924,5022,1556
330,52.391691300765,-0.8833190478938828,1750,5686,2487
331,50.52909857247965,-1.2450721901604695,1407,5763,1754
332,51.49839278869775,-2.6356237765713115,1010,5869,2366
333,51.58723260617984,-1.0938871305049402,1221,4602,2433
334,51.69132573867666,-3.324649382356157,1863,5823,1623
335,51.079876491992806,-1.1832453701559098,1269,4282,2174
336,50.40063857915088,-1.3229126041607469,1348,5709,2354
337,51.629067485095526,-3.0234181797221504,1039,5805,2193
338,51.40298524648768,-0.11176852930214176,1160,4570,2302
339,52.63069674881878,-1.8005542002521335,1539,5337,1869
340,50.84273326414368,-0.7324711224710292,1821,5261,2278
341,52.48045202542019,-2.180801690548204,1164,5527,2153
342,52.53608132634686,-0.7782098566386875,1429,5005,2121
343,50.76087097984083,-3.1658879756511435,1183,5636,1723
344,50.81949000587123,-0.1834049795800179,1401,4678,1845
345,50.91904959478947,-2.4830711633620695,1502,4612,2167
346,50.69862787222625,-0.5614053745521441,1192,5800,2245
347,51.51684802213668,-2.8865927219750374,1486,5022,2497
348,50.179366955336945,-0.15256583021297443,1634,5236,1742
349,50.96814865348624,-2.629186898591522,1666,5114,2443
350,50.41693791989634,-2.5341610605278087,1359,5286,2288
351,51.870420588517405,-2.786940190409151,1985,5064,1662
352,50.11921347462614,-0.7150977307428819,1624,4695,1926
353,51.613034211735204,-0.7593070179469228,1711,5762,1805
354,52.15770664912767,-1.9197814920697138,1347,5775,2271
355,52.10239490864851,-3.108222878964564,1092,5393,2101
356,52.458669893377106,-2.1031441710482666,1801,6000,2307
357,50.446490013978035,-0.6840675157498479,1698,4359,2012
358,50.997004619095804,-2.630632685515459,1773,5081,2132
359,50.75152513276638,-0.8347363156997814,1970,4824,1985
360,51.565270334260084,-2.3422434400977767,1754,4269,2383
361,51.68540763024747,-3.0033043263403134,1643,4742,1853
362,50.18376282178702,-0.6002734243076495,1853,4856,1719
363,50.794011600936955,-1.5323725598208753,1820,4261,1862
364,51.116916785916345,-2.726419959775571,1569,4454,2458
365,52.71736723340897,-1.9764669627070701,1871,5035,2256
366,51.115062119898035,-2.181880931366699,1084,4479,2174
367,52.26187606440052,-0.394386245761992,1674,5443,2407
368,49.92270239226232,-0.11101145625322406,1079,5577,1567
369,51.44577694491235,-2.6305689164349437,1540,4558,2110
370,51.675192134336086,-3.075067493304772,1407,4937,2332
371,52.509887178148304,-2.9708987553434576,1853,4979,1997
372,51.852577323177734,-0.06282160999380881,1341,4966,1914
373,50.6619091136515,-3.2231507822258725,1826,4917,2252
374,50.392868069296256,-1.1933712369337695,1101,4774,1617
375,52.35716667820682,-0.3873738377849669,1533,5635,1692
376,50.71556379559088,-1.7538517560627835,1973,4948,2342
377,52.611445735526495,-3.120143307938399,1292,4361,2373
378,51.358313504184586,-3.2245006704030157,1648,5822,2361
379,52.15545764765689,-0.6667608417409427,1042,4013,1998
380,52.09863249408289,-2.2523853023665397,1064,4948,2156
381,51.469028731340195,-3.369071072115618,1429,5303,1669
382,52.13673709666217,-0.04262688694832928,1846,5749,2242
383,52.79658306377238,-3.251467860382016,2000,4088,1615
384,50.220503204935696,-1.3696626030125492,1703,4302,2118
385,51.623544807107784,-3.038372415693566,1342,5585,2054
386,52.27010513254528,-0.15728320643955884,1398,5054,1946
387,51.482499192070655,-2.6599663933275943,1016,5151,1933
388,51.84010675967738,-1.2549953236964573,1608,5568,1876
389,52.10457217455152,-3.3225317678766784,1274,4983,2351
390,51.37463189405414,-2.169471525126334,1180,4385,2008
391,52.63126978811801,-0.5909301888755896,1778,5583,2075
392,51.19149505765865,-0.15081765701726013,1901,4480,2282
393,50.030104045072015,-0.2951269801036598,1338,5957,2375
394,51.635947236712646,-2.6970857494524734,1470,5713,1959
395,51.46249728325991,-1.2033102528249788,1556,4836,2385
396,52.305762811164136,-1.105146351731714,1544,5448,2189
397,50.35982268221102,-0.8149631130412351,1586,4749,2034
398,52.590470673493655,-2.3968124952012233,1257,4487,1900
399,51.91872872927074,-1.184133040283876,1987,5990,2471
400,52.34609867571522,-1.3908135685789742,1881,4567,2360
401,51.08676415322474,-1.8694728011076995,1015,4180,1971
402,51.933654357337396,-0.5413679055743277,1307,5585,1602
403,50.76388385324448,-0.46409278231515483,1389,4173,2493
404,50.83785878362323,-2.918276788992854,1426,5818,2418
405,50.12819638296296,-2.1129119476006846,1799,5571,1586
406,51.39875432702708,-2.5187727183083277,1672,5217,1838
407,51.90580190164357,-2.4166132555002395,1490,5384,2477
408,51.851558543814534,-1.541930756789675,1428,4812,2426
409,50.87446767881902,-0.8952156871710213,1979,4485,2073
410,52.42820714395943,-0.876805036471934,1019,5557,2096
411,50.2157103412907,-0.8699317336983854,1895,5540,1599
412,52.46548399188568,-3.3631766971323453,1316,4838,2210
413,50.12441959515789,-1.1061727445162872,1529,4844,2101
414,52.4253232562699,-1.7821030484859055,1083,4021,1885
415,50.73737439791941,-3.32710897942577,1977,5609,2047
416,50.35058613930628,-0.48155129611918834,1143,5439,2233
417,52.39047796365874,-0.8787464642617784,1491,5962,2103
418,50.62674990191134,-1.427668346985575,1547,4267,1636
419,50.030019866453614,-2.5277791474287206,1109,5837,2135
420,51.69944721053569,-3.3902656767507566,1348,4778,2029
421,52.67040081486694,-2.1371928448863287,1115,4200,1742
422,51.15293528845579,-3.034925766395883,1410,4780,1893
423,50.67863304439764,-3.017426693782097,1756,5419,2212
424,52.53217728750245,-1.6856501887165758,1635,5896,1719
425,52.54687117836748,-2.762061890093469,1765,5646,1717
426,49.99031917307914,-2.118586714588515,1387,5260,2000
427,52.682856069420325,-3.234676004892078,1338,4388,2253
428,50.49466537348887,-2.9491142209908228,1551,4326,2437
429,50.03725291703521,-1.0942587311052256,1698,5833,1697
430,51.487863111137614,-2.666664616221384,1318,5583,2498
431,52.4142376304715,-2.8310423329351426,1704,4269,1749
432,51.82649042800018,-1.685993745964428,1661,4689,2070
433,50.82497499043514,-1.4849615432686487,1360,5314,2355
434,51.021702096079395,-1.375631565434762,1863,4812,2395
435,50.837710165299455,-2.017564567318847,1305,5435,1693
436,52.791938574132274,-0.8600694319774673,1634,5068,2282
437,50.06083731676698,-1.7925878403351732,1712,4791,2162
438,50.26277286982948,-0.134958268224747,1780,4656,1884
439,52.316515119240854,-0.07405276572452912,1125,4833,2143
440,50.81204038413894,-0.20473242616048548,1902,5833,2042
441,51.80801454417225,-2.155622370801063,1892,5521,1932
442,51.76680154761919,-1.9461030296775446,1059,5637,1563
443,51.6211027399541,-0.3925129359219919,1781,4097,2079
444,50.96401605192212,-2.355912617994285,1715,4644,1761
445,50.85431939112518,-3.197295195988313,1469,5218,1565
446,50.65975295128974,-2.2332715541056882,1476,4708,1741
447,51.52864813211703,-3.160563269672284,1854,4619,2148
448,51.48479961884072,-1.0003074939486551,1660,5659,1550
449,52.69869195706016,-0.8078521718983631,1143,4031,1604
450,51.23556076488431,-1.3719434737952967,1656,4060,1562
451,52.13158014165354,-2.097148049203506,1109,5226,2499
452,51.19046742254963,-0.24332176133477645,1233,5472,1718
453,50.26295778315857,-0.22079039294695635,1058,4665,1554
454,52.01385276581126,-2.0902503044203566,1905,4945,2067
455,50.89725131990599,-1.0356726363275595,1584,5146,1597
456,50.48268755407627,-2.2423784313889747,1742,5883,1542
457,51.74748656886212,-1.6935058508193064,1774,5779,1867
458,52.2468286693985,-0.5197716071410006,1408,5585,1855
459,52.67044730666644,-3.314518272309855,1826,4461,1773
460,50.00376850385722,-0.29269026691714384,1072,5781,1589
461,51.048497997754275,-3.067226672942349,1667,4149,1822
462,52.298803339599374,-2.8583663108282815,1858,5767,1698
463,52.528457511614796,-1.7389196438538286,1782,5012,1889
464,52.726562169989165,-1.3820027136376538,1272,4467,1598
465,50.98356607235037,-0.798526953214024,1661,4078,1511
466,49.96260512213607,-0.7557216170605892,1530,5303,2273
467,51.38895647394486,-2.458692560372661,1102,4706,1923
468,49.947385803797474,-1.0758155631778594,1988,4061,2042
469,50.97946611386016,-0.5554925760966327,1264,5764,1934
470,51.17233218843703,-2.6911804919434776,1703,5309,1543
471,50.09920601597013,-1.9613819210685202,1108,4017,2316
472,50.24306751688772,-0.3115604942051067,1980,4122,1822
473,50.6176803020319,-3.237692969157565,1939,5134,1638
474,51.626339325929195,-2.398451823986611,1429,4311,1692
475,51.517186313803926,-2.9418566448273946,1019,5911,2240
476,50.43459987477003,-1.9969396046507055,1109,4766,1878
477,52.11346272287933,-1.474452014857426,1492,5947,2331
478,52.785408827758175,-1.0875722401510313,1128,5883,1537
479,50.28985991570845,-2.091181261882748,1297,4204,1526
480,52.06631495143342,-1.4971780733161972,1000,5764,2243
481,50.16999372466965,-2.099361138907939,1009,5093,2043
482,51.04490223525764,-1.761147851559198,1888,5401,2128
483,50.904552061443034,-0.21152789019741247,1154,5141,1659
484,49.926698668731326,-1.0715214766858185,1805,4087,2135
485,50.96385656606547,-1.1636078023059984,1815,5161,2122
486,51.018822641719815,-2.69045212688705,1576,5153,1880
487,50.53627753511262,-2.2839801647534905,1649,4258,1821
488,50.1363816603877,-3.0037762878293095,1718,4454,1804
489,51.9183827092826,-2.492876147063991,1546,5563,2205
490,51.87932311104115,-3.0109447714356294,1575,5048,1662
491,51.997208069819564,-0.44079009053267404,1286,4594,1889
492,52.74837013054057,-1.069961786225309,1839,4859,1794
493,51.9232792188237,-1.026902186993086,1420,4131,1552
494,50.05656696596115,-0.7132722181197027,1560,5635,2377
495,51.39820363765682,-0.800824478112605,1066,4989,2416
496,50.56700628368383,-0.7138341929191605,1645,4543,1531
497,51.95783272883696,-0.13753524281447982,1883,4705,2059
498,52.44580101993523,-1.5863615485470883,1031,4777,2030
499,52.23028998639465,-0.3769900249543827,1743,5933,2272
500,51.65017816270024,-3.1260637200222203,1904,5989,2106
501,51.64397824524357,-0.01383812161015685,1431,5400,1732
502,51.54716269834636,-0.4408823270637141,1960,4804,1901
503,52.7048381074442,-1.3308366778396787,1350,5490,2028
504,50.175439879133094,-0.15249858126417948,1769,4888,2400
505,50.761921880807996,-0.5679488552892971,1151,5751,1603
506,50.2868459455316,-1.0692677485044864,1359,4277,2124
507,52.619959378475066,-2.577036773293579,1926,5128,2488
508,51.60850983677603,-0.2233195977271678,1675,4694,1791
509,52.12586235344483,-0.7560151154199932,1946,5853,1694
510,52.168631053053474,-1.4129913354104848,1950,5554,2412
511,52.292141201577635,-3.0697953260716915,1440,4426,2393
512,52.738970628990614,-0.0667930958501457,1109,4654,1770
513,50.01752530036363,-0.31560426296845145,1921,4353,1663
514,52.37996093717396,-2.520093164475025,1667,5393,2451
515,49.98331877281586,-1.1308319066577277,1857,4097,1906
516,51.51281056806703,-0.24160129038933098,1920,4310,2405
517,52.461089737688916,-2.641456697840543,1766,5783,1750
518,51.176730817680046,-0.917071044153257,1921,4190,1868
519,51.05266648650713,-0.10885256648355757,1215,5560,2424
520,52.411883804240794,-0.5479907349282631,1625,5375,2111
521,50.36932850329276,-2.688846413698874,1200,4811,1894
522,51.34657635600652,-2.863757318550663,1479,5383,2257
523,50.788634416781655,-0.08586193827090671,1551,4547,2045
524,51.26767457301379,-3.1817541376569323,1579,5196,1690
525,50.35595345818106,-0.17470147174762474,1661,4873,1610
526,52.08564205125821,-2.6028096880911686,1350,5650,1707
527,51.83459049438883,-2.157487693533178,1208,5320,2297
528,52.525255431006215,-2.645617333355686,1151,4938,1973
529,50.923826775533534,-0.7341868161290619,1789,4424,2130
530,49.983023090950276,-2.6374215276756083,1977,5139,1566
531,50.56533385131144,-1.3522303890984388,1642,4038,1765
532,50.28144015056715,-2.55793184799242,1379,4492,1825
533,49.95969592075498,-0.4943601175585659,1319,5697,2342
534,50.52494683868323,-3.016448910400587,1349,5343,2075
535,51.389068138203456,-0.4627900141560577,1383,4439,2255
536,50.46330133668617,-1.574043600033594,1940,4314,2075
537,50.353839382262116,-1.4503609705217464,1825,5459,1747
538,51.469790480319126,-2.450560576527459,1585,5432,2082
539,51.63457817723557,-1.5545926392764124,1924,4036,2001
540,50.82973066212006,-0.1492339924506232,1170,5970,1888
541,50.136414741561026,-0.17134890656739232,1939,5967,1512
542,50.68581740837581,-2.3737017185451545,1322,4456,1843
543,51.131887006914006,-2.8879634149539903,1326,5340,1776
544,51.66932108384686,-0.8001299035515119,1911,5342,1860
545,50.516205760782775,-1.1642447010992734,1316,4365,2499
546,51.914383374143924,-3.0794353893141886,1125,5844,2345
547,51.5657052414461,-1.5679571771988823,1446,5500,2222
548,51.46616665737022,-1.921978935995031,1868,4793,2332
549,51.428751423656486,-0.07624796099624076,1591,4298,2465
550,52.064238556725705,-2.5266701820229467,1743,4104,2481
551,50.78567989092851,-2.3272281762940974,1337,5249,2470
552,51.387127519264,-0.49174739489118746,1580,4976,1795
553,51.78969640476786,-1.461966379747935,1123,5430,2384
554,49.90098828129294,-2.865751829918073,1154,5697,1966
555,52.78517765575586,-0.9859289763265244,1353,5297,2348
556,51.69364613894889,-0.789090754351625,1886,4661,2326
557,51.47168615366694,-3.0957648485715428,1655,5574,2290
558,52.641226371134266,-1.9395229553898972,1006,4417,1999
559,51.744914253999504,-0.7067900887161076,1844,4913,1703
560,51.73798150405206,-1.396888909135987,1416,4496,2296
561,50.29920702395268,-2.116819629560326,1158,4876,1739
562,52.173991554002015,-0.4042081840950731,1381,4613,1787
563,52.20995377630059,-2.823842940192019,1268,4107,2393
564,50.653086631534734,-0.08756904538568122,1695,4981,2016
565,49.93704871135417,-0.49163783756665413,1389,4945,1522
566,52.52179119415792,-3.351048508948469,1967,4321,2111
567,49.98715263884938,-1.154599060910248,1620,5376,1895
568,50.056794941028464,-3.294089405996305,1332,5058,2396
569,52.63708418865638,-2.03781468499096,1490,4444,1813
570,51.51674105956114,-1.6259427167194456,1325,4627,2279
571,50.8654677089607,-0.23721659890684865,1752,4800,2159
572,50.350823035765686,-3.0671275583426336,1214,5574,1959
573,50.277637080855165,-2.55888984975068,1748,4975,2002
574,50.58141955422317,-3.036139004656952,1629,4007,1958
575,51.58108916846244,-2.3527431043841833,1851,4873,1721
576,50.421239599417675,-0.8926665094220088,1445,5828,1924
577,52.16436385253675,-1.2507643013979854,1535,5816,2251
578,50.22822439277992,-0.3746522573699598,1478,5418,2378
579,51.29693973063749,-0.7420018788967369,1918,4187,2493
580,50.01195669363361,-0.5705936056828418,1005,4641,1580
581,50.41041138319476,-1.3519153487965063,1485,4902,2486
582,50.45131322783866,-1.163700644125206,1451,4503,2203
583,51.86686082530348,-3.033613316608616,1465,5208,2122
584,52.128699174919575,-0.4337395752094424,1092,4837,1604
585,50.17927955356047,-0.31264535461455756,1274,5783,1568
586,52.19586452733863,-0.12566872087645997,1627,4470,1541
587,51.100907037393725,-0.7624116295217331,1824,4530,2380
588,51.932691515874566,-1.3888047832215094,1603,4507,1760
589,49.90807004143478,-3.1795696677651364,1243,5603,2488
590,51.0156263024559,-0.6836889750728794,1254,5954,2149
591,50.54186705336823,-0.6337160220231848,1829,4947,2374
592,50.67913898991595,-0.65415770471497,1452,4949,2066
593,51.235841598665814,-3.3557062628720433,1495,5608,1611
594,49.95700531889578,-3.330970735060309,1002,5095,2146
595,50.370286020171996,-2.865347033529475,1848,5486,1723
596,51.199878501408996,-2.2518320098360753,1878,5084,1818
597,51.54497382357637,-0.18282050329636235,1339,5336,2455
598,51.399462327962034,-3.1315650386074836,1852,4894,1617
599,50.27187282825809,-2.0689309184326383,1293,4553,1790
600,50.31757408970124,-2.9420060714326124,1926,5608,1800
601,52.49032320295791,-3.263465927243298,1642,5905,2218
602,52.41249529723577,-3.389780133007767,1280,4310,2064
603,51.86226962128586,-1.5890701314142588,1274,5918,1666
604,50.753191348390196,-1.6709090283222914,1978,4332,1780
605,51.49854026632269,-1.1989376609108544,1200,4778,1741
606,50.55823176928764,-1.8914700898846493,1186,5077,2304
607,51.785666963822734,-3.098517890735896,1156,5178,2227
608,52.372036806748966,-0.8544714010489005,1040,4264,2394
609,51.848649571721616,-0.14673121445780746,1492,4524,1993
610,52.37585907733507,-2.980453040280146,1484,5140,2410
611,50.114774414426286,-0.13111852992726636,1106,5664,1960
612,52.67831053009088,-0.7383310407943702,1034,5317,2147
613,50.02169469054698,-1.9908970266135544,1714,4270,2084
614,49.94477966217223,-1.9670616151052758,1204,5456,2325
615,52.58708746345638,-2.6082550047004136,1681,4647,1716
616,52.2765522810849,-0.2284154824884781,1259,4866,1682
617,52.22185662190877,-0.8230033605110378,1810,4265,1685
618,51.477392200492766,-0.3708373672610663,1345,5378,1599
619,50.059329515550495,-1.8486891066189728,1985,4779,1830
620,52.57041877706565,-0.9214714032317834,1984,4771,2174
621,52.16242206972313,-2.391326580377866,1473,5315,2400
622,51.849078712811625,-3.3002331852988283,1215,4192,2406
623,50.39960769435738,-1.3651818421727047,1298,5116,2436
624,50.26693824149603,-1.6879498629922054,1414,5909,2349
625,51.79632007585249,-1.664916307991302,1807,5097,1943
626,52.170982273657366,-2.6536305589438567,1773,5376,1952
627,51.72201791496986,-0.9131150262409142,1676,5157,2287
628,51.00509574787645,-3.089982893256961,1274,5970,2347
629,52.338351870341775,-0.6566159087381993,1942,5328,2048
630,52.38728325555798,-3.3777837522047522,1509,5666,1894
631,50.96031750155675,-1.013296142677702,1193,4678,2167
632,49.94068659467403,-1.5106163260030163,1932,4123,1763
633,51.94509932156035,-1.8510732295072088,1583,4538,1503
634,50.72428650989576,-1.0645185654070284,1793,5509,1833
635,52.68588818337836,-1.6538065482450859,1270,5001,2428
636,51.84640183589038,-0.39456513414165073,1355,5661,1586
637,50.997513324797794,-3.3127241654691204,1544,5352,1924
638,50.50577454764837,-1.1460147252877033,1887,4999,1710
639,50.16359688490466,-0.7574767678659211,1522,5690,2448
640,52.360955976320426,-1.8648421279515524,1817,5427,2127
641,51.9066701961958,-1.893408000084238,1944,5596,1840
642,50.79223055149997,-0.8661258086514678,1317,4393,1815
643,52.59812735195196,-2.8433943309323393,1911,5595,2479
644,52.250680587696635,-0.3861004432995987,1434,5113,1682
645,51.60704002352502,-1.9178398647400188,1258,4557,2317
646,50.092605296760205,-0.6623579881027295,1853,4039,2203
647,50.53363269830573,-2.603181344044977,1737,5190,2053
648,51.21109229291804,-2.135420456463789,1304,5552,1927
649,51.541783643407875,-2.26950707954994,1709,5809,1855
650,50.887807464985045,-3.15339045689624,1989,4111,2257
651,51.888785627733206,-3.0921938425981104,1430,5272,2194
652,51.130110127671664,-0.6795245214255554,1703,4922,2435
653,52.26530569421758,-0.527431556223871,1861,5174,1551
654,52.395340256122324,-3.215298452019462,1459,4323,1865
655,51.99069333410226,-1.974510675383871,1047,5217,1868
656,50.13508827427643,-2.076509326926101,1504,5091,2208
657,51.09735899291985,-1.6647100048998562,1619,4612,1640
658,51.23415927249716,-0.6263278907151273,1938,4965,1645
659,51.52221595256718,-0.10224651089966752,1095,5386,2384
660,50.712045024257776,-1.844362131096316,1229,5542,1771
661,50.19464215453499,-0.49646040429519545,1201,4503,1920
662,51.34364365376601,-0.004165524993839043,1166,5920,2262
663,52.06221664070778,-0.6345907541393867,1252,5282,1544
664,52.65665727888352,-2.747787673649452,1212,5058,1933
665,50.685420110643435,-0.7832164053417263,1565,5270,2419
666,51.2430860183392,-0.7460979196246118,1165,5407,2189
667,49.99823674633917,-1.8191859842074984,1713,5502,2237
668,50.53876393203027,-0.49139944860339746,1610,5353,1915
669,50.77150126208127,-2.261085291617249,1939,5095,2048
670,52.218412942205546,-0.5347893249851103,1225,4472,1743
671,52.33517701652711,-0.6308499268881689,1542,5901,2189
672,52.52160255265534,-0.48389001829765244,1276,4018,2441
673,51.90715643799533,-0.11802752444473175,1986,4813,1844
674,52.132713472161306,-0.6554327412742302,1012,5288,2149
675,52.00157540096707,-0.8798082468805801,1365,4085,1595
676,52.08985337669944,-1.1859901201232796,1030,5739,1701
677,50.99142061877133,-1.4789311944036563,1404,5233,1993
678,51.424410744956404,-0.8846205567703533,1782,4892,1972
679,52.20134378322621,-1.1227889731225664,1163,5750,2225
680,50.206146656080136,-0.4531183335373554,1613,5496,2385
681,50.31190351857653,-0.2129148233636804,1794,4472,1553
682,51.47261146349198,-1.7346956288383968,1210,5786,1970
683,50.5928353373959,-2.5613240714776278,1344,5232,1505
684,51.50230627409188,-2.1317178425081704,1142,4860,2323
685,51.31328439342083,-2.632226334859728,1648,4290,2422
686,50.21126941512091,-1.5988006629048943,1269,4500,1748
687,52.064495960542814,-1.28293375981516,1270,5280,2044
688,50.63782727175485,-3.3494267649795613,1809,5708,2046
689,52.36428886863348,-3.0416301306507183,1370,5933,1841
690,51.219602722595226,-1.7948324183758853,1590,5507,1677
691,51.09663656702424,-1.7999393843742806,1384,5198,1909
692,49.901605969045896,-2.987731026322852,1722,4169,2429
693,50.01910607919076,-2.127157000639005,1160,4315,2452
694,52.01761279484756,-0.734232112613431,1895,5806,1539
695,50.2463685780219,-3.325898025799894,1555,4360,2202
696,52.587053851787005,-3.23814497102802,1217,4794,1613
697,50.30734796197157,-0.558138652192766,1578,5011,2291
698,50.18700117373507,-2.7534240752921173,1692,4305,1814
699,49.92026456884961,-2.8626973506978013,1381,5047,2197
700,52.68059357805055,-2.3612851826983965,1696,4784,2106
701,52.3327462526548,-3.3262688641183273,1502,5999,2342
702,50.461907190393546,-2.6343602274715714,1347,4071,1652
703,52.344886832863494,-1.4576522853837912,1661,4611,2455
704,52.78601516645592,-0.8241298225300908,1291,4979,1822
705,51.480498625380534,-2.3545185745146986,1864,5191,2207
706,50.80270577756887,-0.6004661457984155,1412,5630,1695
707,51.36677159878509,-2.739030379304768,1189,5541,2163
708,50.80396115203955,-2.850874273039808,1540,4764,1865
709,52.10683808269208,-1.0686520502814654,1310,5842,1860
710,51.75748724822673,-0.8684692625633992,1187,5992,1755
711,52.167380098925705,-2.3065487440605508,1988,4141,1564
712,51.66804267087673,-0.9236336272234222,1823,5698,1538
713,50.350739828956065,-1.0974452673248436,1233,5882,1641
714,52.48201913727967,-0.20237715774900122,1569,5905,1973
715,50.66699823906386,-2.6345063032405847,1196,5031,2089
716,50.47119312254404,-2.1773721677296702,1280,5007,1968
717,52.19396590685371,-0.9319259776222224,1955,4527,2188
718,51.34194123384505,-1.0355377576436022,1578,5612,1678
719,50.674938644048595,-1.4079709762072554,1816,4111,2498
720,51.450679827743045,-0.9447665546812285,1194,5917,2312
721,51.59577195583038,-1.7104235783294404,1529,4659,2298
722,52.08962342217263,-1.1652147197964169,1514,4765,1885
723,51.25179344225048,-1.2224457298830353,1450,4764,1716
724,51.64295539229656,-0.2968928508188209,1236,5563,2324
725,50.163982241208835,-0.6198455231047713,1842,4287,2275
726,50.494306987211935,-0.39011640465974473,1009,5655,2427
727,51.759398721164004,-2.1828854204872163,1837,4407,1891
728,52.16360259963664,-2.155136547590134,1580,4523,2188
729,51.05258026090983,-1.3543262815903305,1790,5694,2087
730,50.057652934531355,-2.491099329140062,1251,4617,1808
731,50.51378812143508,-2.099390600600836,1425,4705,1594
732,51.564203859786744,-0.2812839492442154,1347,4095,1733
733,51.85973385913243,-0.9843320854085116,1450,5047,2281
734,52.1946748364127,-0.41577461855280307,1959,4376,1870
735,50.86261558440814,-2.1437074066239217,1574,5415,2150
736,50.057682125988975,-0.1709394231705188,1567,4801,2462
737,50.81961052284828,-2.410290302537539,1892,4793,2153
738,50.48297815777126,-3.3307978449660283,1888,4991,1739
739,51.889145851323434,-0.6155310932930997,1219,4012,1902
740,50.969971627505934,-2.738746272166216,1336,4294,1904
741,51.64172822160578,-0.1563581336871982,1869,5946,2496
742,52.41857339734335,-2.613259043609661,1840,5772,1608
743,51.17178796004082,-0.006782979895509911,1994,5876,2229
744,50.14356549961433,-1.608748173057999,1876,5662,2443
745,49.97262615667359,-2.6063611208747735,1182,5952,2313
746,51.71749071402441,-1.6136064496020546,1201,5535,1881
747,50.76359041552122,-1.8092598197121728,1051,5671,2073
748,51.84067261933104,-2.7107217974199345,1352,5987,1884
749,52.661318998904335,-2.0242774907461714,1245,4880,1840
750,51.86401385112944,-2.6966188811815837,1336,5928,1567
751,51.47442914991486,-2.904189907908815,1599,5270,1693
752,52.5471746755579,-2.074282180881351,1483,4245,1650
753,51.860599594078366,-2.804044842048953,1232,5842,2453
754,52.070224796851996,-0.37016082741921297,1395,5897,2134
755,50.896037157059105,-0.8244285755708001,1381,4782,2422
756,51.66046733843728,-2.2658703970847514,1683,4785,2477
757,50.270266610914035,-0.12387884247261072,1325,5001,2388
758,50.90142477428004,-2.7898998144048086,1286,5997,2092
759,51.9710764891791,-1.7794210894825915,1823,4132,2159
760,50.73033108686964,-1.4360083241219748,1082,5629,2253
761,50.54993938478029,-3.36301799951117,1379,5701,1693
762,51.21987074372473,-2.975853693296461,1263,4962,1851
763,50.18374287173538,-0.4082562680294388,1806,4348,1571
764,52.35988881048656,-0.5495219997750991,1969,4472,2315
765,52.67994669344192,-2.57881844029479,1314,5992,2124
766,51.782534907926085,-0.1392389425387388,1379,4712,1536
767,51.2381284300513,-1.5825603824612295,1284,5919,1546
768,52.55212096596413,-0.537651107459518,1436,4988,2388
769,52.766963227532564,-0.7149050097137573,1260,4703,1555
770,51.724462910276074,-3.1507341229804506,1427,4045,2063
771,50.246688159878175,-2.5041516031183804,1613,4475,2007
772,52.78704372656126,-1.8481343272769482,1764,4500,2081
773,51.65026102228403,-2.779584295694163,1127,4986,1752
774,51.60184316603003,-1.6470903243479722,1316,5759,1533
775,52.52799656150773,-1.4405956386049037,1719,4875,1563
776,50.909315949665285,-2.191461548672341,1841,5611,2033
777,51.60641571608262,-0.0060985305371747955,1374,4027,1537
778,50.21293713447378,-3.3928530057601995,1156,4914,2255
779,51.37914664219363,-0.12721424707135576,1137,5414,1989
780,51.24686938788316,-0.27798388403527596,1343,5828,1748
781,51.36101203074694,-1.7845688952449632,1574,5520,1748
782,51.01450037898982,-0.5318803434488117,1119,5591,1543
783,51.53454018477912,-1.3452967373125042,1213,5716,1780
784,51.13362335343832,-1.2707982370249011,1875,4958,1785
785,50.40517977794357,-1.0554901825089478,1159,5181,1781
786,50.054415026157145,-1.7254568756883935,1358,4604,2330
787,50.92217995747741,-1.4513269939141293,2000,5195,1547
788,49.90852964644295,-1.4089133697396474,1611,4504,2320
789,52.71022991392967,-2.568141507369414,1185,4158,1804
790,52.11090750201425,-0.03175824410883665,1772,5020,1521
791,50.71313128617255,-1.3785880154567494,1391,5763,1974
792,49.90624191162425,-1.7338248408059034,1055,4070,2347
793,51.20376014050171,-1.0776946647433676,1657,5352,2345
794,52.61638242812769,-1.6859355534977787,1611,5049,1550
795,50.72849830675327,-1.0967383982660563,1725,4835,1795
796,51.58127350735996,-0.7991143349498735,1613,4679,1517
797,50.43664754356249,-0.20172217526363534,1950,4065,1691
798,52.14727267874754,-1.228261672430929,1417,5869,2273
799,50.739658925408435,-2.6734755042153244,1516,4084,2295
800,51.779242122677076,-1.6288968298920228,1263,5324,1513
801,50.00084423399473,-0.3058118419531177,1343,4236,2445
802,52.13030327496866,-3.1993513781138705,1935,4400,1925
803,51.1906308414846,-2.6574159989664836,1526,4140,2412
804,51.958693209723236,-2.416460260546719,1308,5434,1979
805,52.70838414242334,-0.24210721784720368,1600,5011,2246
806,52.452714451960716,-3.3844372847307023,1841,4726,2223
807,52.67515256276747,-0.49635172996152965,1224,5297,2120
808,51.1376668105094,-3.2783111171698422,1400,5095,1921
809,50.469198163322126,-2.113982550846833,1320,5371,2285
810,50.256922047187636,-3.1351303891484803,1721,4935,1587
811,51.47653274729479,-0.505337649533796,1783,4803,2343
812,50.62781987665924,-0.10388879218454816,1898,5950,1777
813,50.25431709405729,-0.0209243376004693,1105,5836,2205
814,51.02642694417083,-0.6868667945750695,1517,4172,1754
815,52.3998270636997,-0.21302294959811574,1883,5203,2418
816,50.82344474432594,-0.599201251066753,1252,5934,1653
817,52.35361281443289,-2.725049992214269,1245,5693,1772
818,51.49768338532458,-1.5701346711616617,1127,4805,1944
819,49.947169560541674,-3.2869775937837202,1926,4741,1900
820,52.53683348579326,-3.3146518134434024,1076,4247,2447
821,50.401427960950144,-0.727383754365126,1656,4250,1788
822,49.916890088849556,-2.8331531047867404,1559,4820,2173
823,52.046321150028824,-2.4079840055232946,1764,4670,2040
824,51.678124170061835,-3.22334011860061,1954,5771,2065
825,51.53207196143734,-1.525556900229015,1757,5652,1654
826,52.572972213616985,-0.9463738380992135,1555,5782,2331
827,51.42383585698098,-3.0135807103244696,1229,5987,1543
828,51.81043668254053,-1.643593154624742,1770,4380,1626
829,50.90642074637261,-2.5984519991843253,1082,5023,2010
830,52.04191298193646,-0.5722000918060055,1308,4712,2313
831,49.976548857088105,-1.2404085276019141,1384,4798,2242
832,50.735093036137236,-2.992340601798143,1972,4383,2314
833,49.95954332444517,-1.3198118248622546,1928,4790,1593
834,52.203020114305936,-0.41972845820402815,1328,5535,1867
835,49.913952166995365,-0.5509680543623845,1641,5012,1663
836,52.046916606812104,-3.175097100407936,1458,4702,1674
837,50.49956768360877,-1.123966215745837,1611,4433,2444
838,52.32106990497901,-0.11512408909716232,1072,5410,1909
839,50.89223890520697,-0.6412378684477069,1089,4801,2431
840,50.66185068770383,-3.1709397992563133,1461,5884,2286
841,51.971490778119765,-1.2785051073166072,1713,5937,1887
842,52.16248169844353,-2.59226694418988,1490,4146,2166
843,51.2010824084077,-1.2690316987125563,1677,5667,2014
844,52.243150019336035,-0.2917980523191037,1701,5766,2391
845,51.06907109021046,-0.9765004811539608,1353,4702,1923
846,50.867653757209744,-0.17295297670977616,1095,5441,2376
847,50.516219014575626,-1.496024260753929,1310,5890,1814
848,52.684386796482556,-0.7602086514205189,1093,4255,2380
849,51.252123081255924,-1.5511731296084525,1065,4777,1576
850,51.333694052224146,-1.6685111986848127,1530,4349,1638
851,50.49511586288558,-1.9533057239968907,1792,5710,1993
852,51.928492587347776,-2.2692111933065435,1354,4165,1825
853,50.166662494105225,-0.9172842100231935,1251,5881,2107
854,52.36069151567703,-2.3576450278425916,1164,4580,1996
855,50.56899428446861,-0.23839104249674659,1696,5968,2176
856,50.0256826950566,-1.1833378470298492,1346,5860,1930
857,52.38757732862198,-2.3720923327675045,1837,4064,2400
858,50.33960172391055,-0.6343578381983006,1134,5676,1819
859,50.9677860940265,-3.1753591315206737,1456,4054,2214
860,50.43893014568444,-3.047378120654986,1697,4959,1957
861,50.28948988310629,-2.306980684546628,1557,4592,1555
862,50.92994156753965,-0.6737218786796375,1479,5283,1632
863,51.10580314728706,-2.075115412303548,1490,5346,2349
864,52.20473390759816,-1.5021983503484808,1445,5650,1745
865,51.05575494835345,-3.0626868159923726,1455,4164,2044
866,52.708498023398114,-0.3669165866462607,1152,5604,1824
867,50.54152360891506,-1.0414760370154732,1302,4696,2108
868,52.2004422068106,-0.04512710006755638,1431,4134,1942
869,50.83017460069027,-3.237449944611881,1340,5184,2446
870,51.02793414214636,-0.03622483065945836,1190,4787,1584
871,51.91628378032304,-0.9127812305354346,1219,5920,1702
872,51.00695683284665,-2.2059127571148593,1031,4763,2446
873,52.51300761813438,-2.891224404174416,1320,5912,1906
874,51.63807572577269,-2.4672805100402946,1240,5852,1785
875,52.595605522817245,-0.09450407320391108,1616,5615,1997
876,50.90325527299569,-1.4148781352629798,1931,5774,2207
877,52.074016961813285,-1.4214016805586767,1629,5780,2396
878,52.40958539139774,-1.6147203442076292,1300,5148,1621
879,50.15512906056997,-1.1262206018213479,1725,5115,1803
880,50.581818089713046,-0.21143222041885013,1464,5037,1953
881,51.9082675915836,-0.8713101284635152,1851,4462,2038
882,51.57929700022999,-1.3130766339872229,1677,5694,2009
883,51.63061902357147,-1.999837419974603,1325,5533,2133
884,51.1788624481568,-0.4903798570801974,1944,5421,1633
885,52.16420509482283,-2.059790111353354,1154,5562,2028
886,51.81720067970864,-0.3723876192151079,1703,4787,2003
887,52.15331860843737,-2.6401555068386586,1741,4560,1590
888,52.41031012242305,-0.43673669444175767,1409,5721,2259
889,51.05682524224728,-2.233217977286481,1500,4674,2331
890,50.15694240708924,-1.8400582013699875,1508,4360,2462
891,49.936758751932906,-2.311514746519518,1449,4493,2249
892,50.90819109596643,-3.1253778077924412,1714,4141,1670
893,52.39476166822866,-2.019063408708033,1926,4181,2058
894,52.30075702854122,-2.282284412172115,1513,4804,2116
895,50.9736893417757,-0.025701427439697166,1564,5829,2382
896,50.74428324985529,-1.2825469814606745,1181,4603,2029
897,51.73745787755928,-0.40702074437321656,1156,4171,2486
898,50.114909889830905,-1.1872869231127607,1913,4785,1776
899,50.839407818930596,-3.1741288679710156,1601,5861,1946
900,50.975732939265505,-1.9590106077354008,1337,5839,1642
901,50.94568143613884,-1.386617525290489,1728,5336,1625
902,50.07765673596109,-2.340787541077922,1629,5432,1741
903,52.65620734974423,-0.5470482378931845,1411,5722,2297
904,51.70151251273711,-2.339641085054301,1810,4255,1963
905,50.531696654955624,-2.169916763741842,1703,4008,2031
906,49.971831491685904,-0.18211297791075598,1249,4217,2206
907,51.28278399721036,-2.355058546495501,1142,4172,2321
908,50.56009930199638,-1.2643720937263154,1024,4699,2111
909,51.71264573645382,-1.7807823837176822,1321,4504,1604
910,50.94310231669563,-3.0947350136997227,1120,5632,1572
911,52.49810658578948,-3.201222283105583,1726,5162,1981
912,52.75524384412011,-1.806534363321114,1280,4022,2110
913,51.46830256918248,-0.9161169012734804,1058,5158,2147
914,51.03155432708769,-1.423334282537588,1833,4923,1837
915,51.075464787621584,-0.8504920243176373,1314,5220,2007
916,52.09977695088554,-1.0783036131764554,1557,4379,1592
917,51.21764881251997,-0.07399184881844434,1740,5989,2435
918,51.51054417039065,-0.9913647291062846,1695,5185,2268
919,51.600911071733336,-2.6364858743246424,1701,4137,1868
920,51.24489402766191,-2.319916174427794,1872,4732,1858
921,50.8557067131655,-1.0507397855010008,1672,4955,1768
922,50.205774582333916,-0.16121592371322357,1716,5259,1977
923,50.00612331749119,-0.6251529866074645,1251,5545,2007
924,50.80113088105902,-2.097142337764841,1262,4029,2465
925,51.112533676190836,-2.044362930116997,1730,4802,1774
926,49.9849759077893,-0.0057664691161321,1298,5916,1796
927,50.94433265493225,-3.2793220614735774,1153,5684,2072
928,52.71099903047697,-2.784849907869195,1124,5817,1718
929,50.30304125179908,-2.669414071887181,1421,5926,1896
930,51.086042320069375,-0.14603198304106302,1526,5212,2323
931,50.965778000949804,-0.7184684329638684,1478,4828,2106
932,52.44838652495064,-1.8877341769325202,1823,4754,2402
933,51.27632119745964,-2.4025765532361865,1543,5027,2339
934,50.51315048411999,-3.0634823676307805,1763,4049,2280
935,52.41781482779745,-0.30866415641515577,1815,5345,1975
936,52.28215826049471,-3.0661964408677838,1301,5161,1554
937,52.4640030720533,-2.9435480116372235,1920,5905,1721
938,50.21041881321837,-2.4930169191426796,1339,5839,1721
939,50.599773973684286,-2.7229429780669676,1039,5248,1756
940,51.86881993934613,-2.731057165741977,1690,5503,2372
941,52.45297149099064,-0.13202437673640377,1573,5419,1846
942,50.85442123117037,-3.006752095481941,1179,4589,2482
943,52.40676093797091,-3.353158058051767,1460,5468,1705
944,52.206281621119736,-0.22778508771881656,1717,5566,2196
945,51.41938206825663,-0.6788463918903997,1692,4295,1590
946,50.03759256946343,-3.2379018648214593,1412,4668,1985
947,50.3606894213488,-1.0329877796567297,1917,5764,1970
948,51.68805125467984,-0.2429562523001092,1340,5739,2357
949,51.37057297645175,-0.09405204326424199,1612,5906,1796
950,51.97580880535856,-0.33213438787425,1246,5877,2235
951,52.698477718732825,-1.8640775136403316,1452,5588,1652
952,52.723923681818796,-0.5388694643490317,1455,5611,1721
953,52.60604346672034,-0.42995257490484917,1435,5577,2264
954,49.93391051784134,-1.2329516974712789,1827,5636,2162
955,52.026107670772426,-1.564965646801929,1392,5360,1741
956,49.94608354085853,-0.04355839327604283,1412,4610,2111
957,50.033134688213934,-2.521231699288764,1835,5051,1973
958,52.62135113309849,-1.9835440029057438,1673,5454,1932
959,50.66446989038015,-1.5424453876227013,1896,4921,2318
960,52.677403317993075,-1.7605700130211006,1781,5008,2080
961,51.66997247438178,-2.4158715185897606,1588,4394,1629
962,51.94475997659511,-3.3818659931443174,1680,5322,2494
963,52.141243609987725,-2.2676958044924413,1814,4106,2161
964,51.98266654543167,-0.19487328133745319,1940,4362,2489
965,51.66397098798283,-2.7426513477567593,1044,4275,2263
966,51.00478229928069,-2.278763320331091,1098,5541,1536
967,52.730563494627134,-0.4219591578369246,1427,5327,1673
968,50.87950697765153,-3.355548681883177,1366,5933,1686
969,51.7852030522757,-2.2858211846269625,1482,4060,1834
970,52.03655273229717,-0.802022033053003,1766,4500,1576
971,52.63300985259559,-1.7986466196918711,1914,5933,1925
972,51.25513352583045,-2.8627863001774454,1052,4064,1845
973,52.079584202322735,-2.941151316380739,1904,5272,2209
974,50.313290351476525,-2.8203710779824256,1503,4770,2451
975,51.43358406148715,-1.4871372692046962,1688,4043,2415
976,51.1484249979508,-0.23015891177880432,1404,5078,1969
977,51.853208188074944,-1.5661258500281128,1710,4381,2478
978,51.2859959490375,-2.1577136828041126,1519,4875,2093
979,50.56944474198316,-1.2788550920856592,1887,4142,2428
980,51.5160588293804,-0.5050881114391674,1010,5230,2451
981,50.64328731798279,-0.47068153234810906,1346,4450,2214
982,51.98563174885508,-1.1239934380733607,1433,5655,1805
983,50.65884805771221,-0.3364030999163137,1775,5287,2217
984,51.93396482995267,-2.7093199767656984,1459,5478,1513
985,50.77089126149405,-0.4312977692453748,1786,4790,1815
986,52.39654170333668,-1.0655296068194304,1159,4134,1680
987,51.99218698153008,-0.48457010622335916,1915,5757,1716
988,51.48359965201409,-1.7323818790244931,1800,5809,1843
989,51.767228778432376,-1.7823339256531363,1406,4281,2013
990,51.43594721282874,-2.2800381134099643,1951,5730,1551
991,52.51061770553408,-2.762724845992455,1026,4396,2258
992,51.574147194525686,-2.4628102244401457,1161,4337,2240
993,50.6719579228296,-1.0268735211440765,1934,4719,1997
994,50.12379197355415,-1.6175173293062195,1713,4561,2437
995,50.407201877145575,-0.16318654366935403,1989,5577,1828
996,50.0368154687293,-1.7826861639637481,1955,5549,1773
997,52.39958890056791,-1.884316422455588,1795,5408,1790
998,51.74537387032783,-3.3049175333997027,1936,4778,2370
999,50.19673144756795,-0.6202692685654596,1669,5475,1951
1000,50.51242126114069,-0.8670768581381618,1178,5674,1927
1001,52.54390947461347,-1.1465863327649188,1783,5511,1716
1002,52.767967984509966,-1.8203679784224163,1906,4543,1896
1003,50.94022724658452,-1.5046003711946074,1997,5265,2101
1004,50.029605026209744,-1.2243015747633388,1124,5127,2285
1005,50.02311139115339,-3.333602403862269,1326,5471,1619
1006,52.09969637560759,-0.7547918573435779,1325,5687,2029
1007,51.78791979755312,-2.8378710939095964,1563,5596,1928
1008,51.500503134060054,-1.981850933661864,1027,4433,2497
1009,50.61061346195133,-3.0187403714906265,1478,4566,1989
1010,51.28875560307895,-3.3222740685489103,1149,5173,2146
1011,50.99614479471738,-1.2578627903870925,1340,5352,1708
1012,51.30577625370122,-1.064610032811128,1138,5477,2423
1013,52.64968128301467,-0.8936789611238112,1890,4023,1513
1014,52.207170122478786,-1.4598166668877324,1358,5663,2187
1015,50.12331405316487,-3.3954441846456738,1086,5971,1654
1016,50.539527880650894,-1.9477074839970565,1549,4526,1718
1017,50.77894926134363,-1.2392480269778328,1940,5109,2225
1018,50.808052048740834,-0.1119311820117952,1436,5227,2094
1019,50.66469988502805,-0.4723749228142591,1773,5657,1628
1020,51.451646781558985,-3.241378884024854,1744,5432,2183
1021,52.20505579697868,-0.08655504560891947,1781,5194,2227
1022,51.110313854963955,-1.8458733917284966,1037,5982,2470
1023,50.46704807700874,-1.497349797357028,1863,4841,2478
1024,51.10252670870562,-1.5037169947728022,1916,4676,2399
1025,51.586137792709415,-2.3826782725798257,1793,4172,1869
1026,51.33128633323378,-1.9986520956127107,1305,4488,2438
1027,50.41675539633467,-1.3466544137563532,1159,5119,2145
1028,50.87976451313728,-1.3950016603848696,1426,4756,1948
1029,51.22168628207431,-1.8254389181105952,1930,4723,1641
1030,50.81293074791363,-0.19382504380503818,1398,5347,1993
1031,50.762060921772616,-1.250235450307565,1382,4381,2006
1032,51.1130071830227,-1.7750228411235376,1436,4656,2124
1033,52.64514073083787,-2.699664816575481,1330,4650,2255
1034,51.167757228801804,-0.0836269627106816,1740,5316,1781
1035,50.001790195568,-1.8943695548088852,1928,5462,2390
1036,52.0792373805301,-1.077705680638679,1805,5199,2414
1037,50.50298380651235,-2.531249693089179,1992,5414,1764
1038,51.93329062352547,-0.9269751257987711,1136,5937,1953
1039,52.04920967172103,-0.6453239708179495,1624,4342,2257
1040,50.33132567411726,-3.0367111573617667,1571,4103,1522
1041,51.357654077904016,-2.396585413178695,1698,4055,2397
1042,50.71608135144896,-3.1174717922226143,1312,4468,1810
1043,50.79857591960715,-2.7185060010195268,1646,4731,2465
1044,52.645567110733225,-1.3788060310013912,1790,5761,1924
1045,52.32323502352563,-2.5254672454584344,1594,4456,2161
1046,52.28664027998869,-2.2816578908230314,1007,4516,1617
1047,50.289508148035246,-1.2400948071630573,1959,5918,2124
1048,50.65503093237474,-1.3128647277144605,1765,4324,2485
1049,50.785584964163185,-1.8127602633445663,1660,5495,1868
1050,51.03944741247147,-3.284059273289194,1441,5836,2128
1051,51.04811912715043,-0.8971882321094604,1348,4819,2148
1052,50.38462109908092,-3.3883569242487037,1340,4170,2152
1053,50.04416465784319,-2.9088063164411055,1507,5507,2308
1054,50.09438005045729,-0.2988242672256596,1851,4911,1695
1055,50.31494008221179,-2.013610777986541,1653,4672,1876
1056,50.86012295616335,-2.302586042583043,1106,4826,1795
1057,51.72194317913171,-2.4913224055947225,1164,4715,1898
1058,50.607413215878076,-1.6214575812659409,1275,5691,1891
1059,52.0556590926807,-0.5468350053516495,1070,4174,2423
1060,51.872190911964054,-0.4225541013791738,1779,4996,2408
1061,50.7406986037448,-2.114180467168186,1969,5272,2458
1062,50.77246051707305,-2.8894523562269088,1513,4153,1566
1063,52.13427183794501,-1.7890315060039352,1264,5914,2468
1064,51.42324665810836,-2.639927118477503,1494,4861,1823
1065,50.12148123725492,-2.967873403534082,1690,5169,2281
1066,50.94651819906639,-1.6143484986726298,1369,4430,1666
1067,50.68772851295651,-0.5208299758486117,1607,4833,1841
1068,50.26780950385778,-0.7146769137906555,1953,4470,2155
1069,49.970429402439066,-3.2963643469299346,1493,4110,1897
1070,52.69657978158695,-2.568045106575743,1886,5625,2214
1071,50.72238689635935,-0.5218919717928485,1256,4024,2075
1072,50.07637392146334,-2.970613687124163,1242,5765,1664
1073,52.47277497474544,-1.0079718121829648,1338,4860,2099
1074,50.23824070209854,-1.2963592261829078,1971,5277,2177
1075,50.410223143723634,-1.7676223668163382,1651,4842,2163
1076,50.680392559919405,-1.511638617433753,1181,4997,1785
1077,51.234276637529234,-2.864148244392133,1441,4993,2309
1078,52.36340357104408,-1.632841339575282,1561,5902,1717
1079,50.25346896898783,-2.435885993777819,1384,5300,2453
1080,52.04991643420067,-1.2073069330174828,1627,4176,2058
1081,51.685339450631744,-2.5656195443101937,1841,5661,1568
1082,51.26471078079092,-0.919618706550287,1092,4563,1640
1083,50.764932911315626,-1.9566280741678235,1132,5785,2404
1084,52.37684524144406,-0.9615373575069794,1288,5269,1527
1085,50.43598841569362,-1.2483581835989468,1111,5370,1780
1086,51.61492447662985,-1.4262647520077087,1740,4116,1600
1087,51.72331504309434,-1.6274825002219535,1852,4744,1831
1088,52.28506244848336,-0.7355574530470665,1909,5552,2259
1089,51.95869298871004,-3.314321591577502,1635,4699,1595
1090,50.25502999281582,-0.4252057389775743,1322,5494,1754
1091,50.23976691143674,-2.35120381290612,1657,4296,1669
1092,51.68642698458738,-0.04575488183662957,1774,4887,2272
1093,50.48335004504873,-0.885400191327335,1019,5322,2192
1094,50.955547562123755,-2.7698551003670127,1527,5872,1544
1095,50.84888756044848,-0.9509568887655528,1872,4995,1751
1096,50.55672568984465,-2.386396611034783,1886,4129,2254
1097,51.50077584651851,-1.7977687696633893,1182,4787,2449
1098,50.404503273262904,-1.137770994167612,1464,5007,2403
1099,50.38124497276899,-2.0713742622268914,1018,4459,2427
1100,52.59585371370134,-1.2032698372035777,1265,5145,2020
1101,51.09736229196696,-2.0701739017320904,1357,4212,1956
1102,52.10473547473687,-1.4899067145233618,1875,4674,1992
1103,51.53488858498853,-0.3671239394729704,1893,4186,1913
1104,52.52040724353227,-2.3142105273839517,1632,5175,2047
1105,51.9182488349496,-2.3061704955170117,1161,5187,1661
1106,52.54037950830302,-0.24697624623855896,1372,5237,1880
1107,52.059040054465946,-1.1361044137514433,1766,5229,2406
1108,51.555596581501845,-1.3202925188260757,1681,5029,1755
1109,50.2182869727714,-2.5968437465536094,1292,4105,1682
1110,50.86188822338197,-2.2293617449724463,1106,4067,1819
1111,51.54464873993406,-0.170576940491856,1058,4284,1688
1112,51.24447337330872,-1.526094712997135,1013,5006,2019
1113,51.52432004757116,-1.5251990107731632,1116,5990,2440
1114,52.657854541469625,-3.37658810518664,1635,4143,2150
1115,52.75381765050034,-1.3629747776079442,1003,5201,1619
1116,50.887157138772,-2.7644668152134453,1553,5058,2366
1117,50.482682009844886,-1.7079237009122563,1504,4388,1806
1118,52.473809698473765,-1.2091725940556262,1821,5902,1990
1119,52.47519449034663,-0.06363358477211056,1725,5658,1601
1120,50.858457982973945,-2.420662690833805,1281,4201,1798
1121,52.52215783607869,-0.07971420972462706,1664,4123,2269
1122,52.75804407321725,-1.7364749651500726,1784,4005,1624
1123,52.57669711438324,-2.5168672751825913,1765,4138,2456
1124,51.79263492221585,-3.003484464186922,1811,4097,1709
1125,52.48078718037135,-0.2782675436016375,1113,5391,2041
1126,50.7613369399083,-0.5186705534500478,1509,5209,1886
1127,50.322016789624406,-0.8135044970327305,1505,4707,2307
1128,50.03062317721306,-0.8512328070642279,1217,4784,2435
1129,52.05628958748473,-1.4755183663172184,1072,5559,1546
1130,51.00294816863447,-2.61770491432421,1450,4499,2009
1131,50.901308189274204,-1.7115086132607435,1416,5439,1705
1132,50.85083804841832,-2.59152624197571,1897,5152,1829
1133,50.56426197401694,-0.8505844587146187,1948,4085,1608
1134,51.25547313529471,-1.5565359398985155,1062,5855,1941
1135,51.526818204247796,-2.813222972072836,1860,5908,2453
1136,52.75834892941198,-0.031829180446691474,1711,5085,2210
1137,51.95098252341017,-3.1181695098031263,1586,4773,2369
1138,51.28830363203211,-0.8730232102118345,1665,5518,1603
1139,52.34731116702555,-2.573485188590012,1496,4318,2047
1140,52.399388903672026,-0.46567092557326983,1904,5681,2112
1141,52.14815691796722,-2.772725002720385,1828,5433,2447
1142,52.34892921131626,-2.706364217340076,1547,4714,1585
1143,51.538889436128194,-2.474275947144645,2000,4819,2225
1144,50.17683330899399,-2.949798221469911,1383,5281,2009
1145,51.69348249465044,-3.2740469779104755,1595,5079,1761
1146,49.96152627978837,-1.6190331730878267,1050,4087,2376
1147,50.931637186884224,-0.48400521351589765,1416,5460,1733
1148,51.02494775587786,-2.308383014113032,1245,5964,2086
1149,50.33619325763862,-0.19058877240653516,1131,4758,2158
1150,51.22203777964158,-2.7275373673138503,1389,4569,2115
1151,50.4543275299982,-1.1489203032294242,1141,5627,2099
1152,50.014790014270204,-1.1570552765909214,1081,5602,1888
1153,50.56661177863366,-2.625898831428017,1620,5697,2251
1154,52.63391140642742,-1.9245868483265132,1832,4271,2438
1155,51.95466655083845,-2.7650741008487865,1597,4749,2274
1156,51.39320444392299,-2.2810124807183336,1815,4247,1545
1157,51.17293422229096,-2.8225318005422135,1042,4574,2351
1158,51.347962105813465,-1.708220990610802,1782,4056,2486
1159,50.64541284233892,-1.2518573440198733,1828,5993,1801
1160,50.70378365233726,-1.401122492166758,1520,4101,1594
1161,50.36019539712726,-2.555377607913884,1672,5374,1891
1162,51.913031509736065,-2.5088890383688724,1313,4784,2219
1163,50.46668911555794,-0.4399874609480672,1461,5140,2124
1164,50.605230816933364,-2.0664426689703603,1183,4428,1705
1165,51.133605647849784,-2.7187246346510774,1531,5768,1849
1166,50.392158856611665,-1.283709301188868,1568,5483,1825
1167,52.34485359312568,-1.27016288651763,1658,4480,1685
1168,51.32297913164554,-1.5383671203396707,1756,5272,1598
1169,52.53679695962102,-2.8293178105478174,1819,4716,2102
1170,51.35411023826786,-3.394803899709969,1234,5563,1923
1171,50.98126003497079,-2.5255713135128444,1789,4920,2066
1172,51.477512790719516,-3.287527543655313,1438,4313,2443
1173,52.633074131694336,-0.6528740290485744,1819,4488,2309
1174,52.311421776286366,-3.244889544447658,1176,5530,1590
1175,52.06168813675722,-1.3487765647825793,1770,4214,2495
1176,50.64496329702532,-0.6485747543002427,1229,5870,2252
1177,50.1980274195789,-1.6247668093061176,1675,5158,1754
1178,51.4409118661367,-0.9256406655149294,1455,5667,2099
1179,50.989671460529436,-0.26796138837428485,1381,4566,1596
1180,52.04813694553289,-0.13116099871816944,1803,4901,1975
1181,51.70793412294048,-1.8483363330919165,1067,5529,2013
1182,50.46361039560318,-1.4953558507491378,1853,4140,1825
1183,52.78532785549583,-0.5758371787875736,1700,4464,1844
1184,51.142633173458535,-1.713219606274197,1825,5278,2140
1185,52.71974121575086,-2.6004188798422385,1704,5341,1804
1186,50.907364848980876,-1.1709527850369748,1653,5406,2069
1187,52.52934606573588,-0.0011413113321427915,1155,5449,1910
1188,49.96372147800101,-1.1360763226661637,1158,5267,2261
1189,51.40370815761262,-0.6982745537353807,1777,4970,1761
1190,50.19057562033823,-2.922222435440938,1324,5228,1696
1191,50.50851572503426,-1.3097185424309528,1952,5430,1614
1192,52.70302958857919,-2.3240763217201774,1348,4678,1543
1193,51.80399675835408,-1.551361850694287,1653,4535,1799
1194,50.458473642997205,-0.4196627975886824,1404,5197,1786
1195,51.73950845072437,-0.569634185660822,1187,4238,1504
1196,49.987145318717815,-3.200250751728401,1437,5525,1505
1197,51.78830985611643,-0.3458841487138664,1798,4070,2129
1198,50.80963291641331,-2.226304717466987,1815,4766,1803
1199,50.34177178752654,-0.20940060589974996,1227,5359,2498
1200,52.16818222998172,-2.7684580837616473,1226,4722,1502
1201,51.30478091082267,-0.8601971565557345,1530,4246,1688
1202,50.277706150484924,-2.8024654402399083,1856,4462,2411
1203,52.09372950778453,-2.518738478815196,1038,4586,1943
1204,50.62192688814355,-2.7931864093255774,1269,4274,2202
1205,49.989064735018964,-1.617855238483947,1324,4597,2020
1206,52.378035081364416,-0.08180445126752911,1330,5945,1769
1207,52.09576683692486,-1.7771671092468266,1321,4836,2030
1208,51.26955407488485,-2.8473684686301777,1275,5209,1839
1209,50.18130455314293,-1.6156039404248481,1197,4558,1849
1210,52.10072824591232,-1.4142646935123493,1654,4606,2346
1211,50.90264967710843,-3.249677200997664,1951,4908,2422
1212,51.188529627659655,-2.0210427555002557,1437,5991,2418
1213,51.47971227364143,-3.116549540000335,1274,4662,2220
1214,52.29260632299913,-0.19300979372989424,1043,5423,2395
1215,50.33468797102601,-1.8023388462097287,1637,5424,1663
1216,50.30988751672345,-2.3300146667873864,1445,4639,1556
1217,51.15649908188648,-0.4714165693465353,1932,5950,2285
1218,52.48876231681827,-1.2088569751117992,1191,5905,1920
1219,51.10278384482449,-3.0932830785897596,1209,4860,2351
1220,51.41706438208141,-3.159687019436695,1239,4853,2431
1221,52.488609041105,-0.24018106141728435,1994,5898,2459
1222,52.32038413461936,-1.378345861369045,1405,5133,1722
1223,50.85575160211014,-0.43364339788530915,1965,5885,1502
1224,50.32956648314556,-0.8324178492933223,1650,4634,1900
1225,50.500609995682275,-2.3890629184316525,1461,4146,2264
1226,51.57334007258997,-1.489268818831267,1678,5325,2462
1227,51.043134138221035,-1.9411183305443533,1481,4841,1729
1228,52.53870480979046,-0.07480139037016853,1197,5489,2226
1229,51.130215200456405,-2.0460222243089947,1457,5162,2399
1230,50.52703674390739,-2.9787999947721326,1185,4767,2407
1231,50.5231356169213,-0.5556426940632564,1868,4421,1915
1232,52.651215341241645,-1.2382374162248535,1656,4425,1812
1233,50.03825610667479,-1.7002985548461276,1226,4630,2121
1234,51.53076344404488,-3.1533240807899965,1482,5663,2381
1235,51.439566706748586,-2.6696385146904604,1459,4084,2074
1236,52.78980046091529,-2.900819833102524,1526,5357,2473
1237,51.24690141067405,-0.3529225361872994,1779,4429,1948
1238,51.46243891291036,-1.9764854929595608,1793,5700,2318
1239,52.16439784511808,-1.7630486872463311,1692,4078,1902
1240,51.275186900850784,-0.4933716958384058,1732,4858,2301
1241,50.94787888012662,-3.313036448616989,1060,4872,1823
1242,52.2915086622181,-1.9776272422387529,1571,5022,1981
1243,52.20160058062329,-2.930403040321073,1242,4348,1502
1244,51.311507841716335,-0.08219179081226313,1515,4885,1819
1245,52.53539688537628,-3.2901284701903535,1036,4834,2491
1246,52.51184605944486,-1.8982976218005478,1015,5262,1592
1247,51.4877854218875,-2.883099697965538,1849,4007,2420
1248,50.79412296661147,-0.5134699014002235,1752,4412,1996
1249,52.14625688357843,-0.7937594090562183,1683,5639,1595
1250,51.90319585163849,-3.1721692676379187,1135,4789,1839
1251,50.10118875992496,-2.351707491153153,1695,5689,2193
1252,51.32196734285322,-2.7102688595921256,1510,4441,2212
1253,51.91527683191915,-1.714636463301183,1955,4143,2444
1254,51.729808343561245,-2.9475172995794026,1433,4881,2360
1255,52.23842333384778,-0.23186786317754748,1383,5364,2432
1256,51.150929639344696,-0.10558482817528958,1582,5279,2046
1257,52.10183653235228,-1.1662761103425323,1595,4577,2114
1258,50.136172870549956,-0.342237988692105,1826,5204,1875
1259,51.820482657038696,-3.216746269971052,1201,4937,2207
1260,52.675928385070065,-2.950502522395519,1769,5916,2439
1261,51.018903708475925,-0.9695424807070081,1162,4915,2283
1262,51.64015459598108,-1.698636697931171,1559,4864,1552
1263,50.402961009918556,-2.696917145628467,1482,5235,1710
1264,50.68074059734346,-0.8054584541332592,1703,5291,2483
1265,51.34436815978192,-0.6100235989893315,1398,5231,1581
1266,52.04286464852653,-1.7564978449382769,1356,5918,1648
1267,51.406162719967824,-0.611677234310855,1863,5146,2221
1268,50.55636693771956,-2.6575336008721995,1591,4767,2313
1269,50.84144005826804,-2.8952350623261642,1091,5010,1738
1270,51.28645823506793,-0.9538937303758246,1084,5696,1628
1271,50.84208315593402,-2.22260442669894,1665,4201,1973
1272,51.88921918681933,-0.8058818355203177,1934,5541,2112
1273,50.53848595867917,-0.5210073700892797,1138,4597,1978
1274,50.03763721572957,-0.8839281180402101,1546,5151,1988
1275,52.72125598945099,-1.248510365379191,1563,5761,1552
1276,51.66769133107223,-1.664876653093569,1124,5377,2162
1277,50.26651247356231,-1.1526206535750836,1320,4562,1571
1278,52.430287137523834,-2.2979966973998978,1284,5715,2058
1279,52.2426564377366,-0.6605787263027332,1939,4900,1874
1280,52.455438110383525,-0.4878619835109905,1794,5871,2365
1281,50.76526897323885,-2.0191288950728836,1792,5663,1633
1282,52.25451322892071,-0.6597965065908986,1167,4341,1573
1283,52.057625245905186,-1.4510107332283164,1809,4269,1956
1284,50.65882938912315,-0.7519725800370738,1703,5288,2031
1285,50.611116979933755,-0.12961787005029812,1001,4820,2204
1286,50.65773504383907,-2.4443133849718213,1475,4971,1880
1287,51.848544717696136,-0.889721439107015,1682,5133,2498
1288,51.950567830880644,-0.08734165627480595,1726,4309,2329
1289,51.49114389766588,-0.4275087528736532,1198,4362,1963
1290,52.61465644668289,-2.2723728833812595,1797,4635,2208
1291,52.20384958783299,-2.071776691512903,1587,4478,2223
1292,50.21108444294644,-1.1130520562109623,1437,4626,2156
1293,51.55218310386978,-0.9443038231553444,1391,4946,1718
1294,50.21942037176832,-3.26166268324123,1509,4961,2113
1295,51.68545108943996,-3.0414848799490692,1379,4792,1633
1296,51.075501593883075,-2.8352785473940925,1881,5769,2364
1297,50.55312212223424,-0.27366370352961233,1440,5874,2302
1298,51.59587932746455,-3.312498794598699,1347,5355,1882
1299,51.032091224505145,-0.39100070793130604,1449,4969,1723
1300,50.586342915456854,-1.0196719172140107,1344,4729,1966
1301,51.1092089716479,-3.3300876278932465,1791,4500,1628
1302,52.6088707822438,-0.4903791375364248,1510,4693,1592
1303,51.96629594048453,-2.5978925404924436,1418,5946,1942
1304,51.04108053197325,-2.196219859257356,1386,4883,2192
1305,51.40107469282757,-1.1601590563093227,1222,5683,1635
1306,52.606630493472366,-2.6784032639562407,1218,4023,1986
1307,52.06980488543815,-3.0190316618746915,1563,4797,2488
1308,51.76894038350123,-0.17302819487532695,1605,5557,2245
1309,51.74795094875109,-0.08131422501535557,1927,4713,2055
1310,51.9557672242353,-1.5006453115619072,1765,5004,1635
1311,52.53588892211179,-2.375408906498012,1487,4421,2119
1312,51.28996163579972,-1.0894401446958732,1521,5954,1867
1313,50.353303702237675,-1.5227998265172182,1138,4239,2246
1314,51.50687636500056,-2.4633681012687445,1786,4840,2334
1315,51.72149483719294,-2.864164981011114,1771,5449,2491
1316,50.9664173796575,-1.4410927406001324,1937,5654,2477
1317,50.48148147264151,-2.5211084514846727,1361,4447,1848
1318,52.59324537792884,-1.4590991140731393,1554,4437,2245
1319,52.71794642258567,-3.357081772886263,1801,4492,2429
1320,50.44315702062606,-2.1064450334141673,1840,4802,1930
1321,51.56607377959072,-2.833789660473276,1442,4052,1569
1322,51.678408745467344,-1.6294705103879505,1974,5111,2133
1323,50.85828387546413,-2.6503936922395397,1773,4254,2229
1324,51.23624571743827,-1.6038525207402345,1081,5370,1992
1325,51.16243569389384,-2.4329783164155883,1379,4365,2134
1326,50.6817379034847,-1.651090114264483,1945,4295,1533
1327,52.14514569018859,-2.4462865957519724,1030,5953,2081
1328,51.77099189387128,-2.2405407831283712,1780,4346,2419
1329,51.54115409127398,-0.17364823012684516,1880,5370,1533
1330,52.354659673915265,-2.819143748544921,1415,5313,2229
1331,50.45648120809682,-3.250089413243013,1233,4219,2441
1332,52.11949243279451,-2.8947869129685637,1444,4010,2409
1333,52.120025976439784,-1.7533482793750719,1384,5362,2209
1334,52.05449983862784,-1.0139688068472585,1901,5174,1627
1335,51.50108161538273,-1.817951728390113,1964,5387,2175
1336,50.323290856620396,-1.3192321292837437,1271,5980,2015
1337,50.344264037357235,-1.0680190659536248,1575,4401,1898
1338,50.25818346736614,-0.2268266731312285,1547,5231,1668
1339,51.19102895949248,-2.298667719395687,1199,4105,2354
1340,50.02479057355974,-0.9727632727768873,1182,4024,1837
1341,50.04295882673666,-2.5191841303395774,1391,4058,2473
1342,51.19504784894102,-2.6388538606928535,1293,4786,1917
1343,51.95374769964751,-1.5370475669762567,1744,4275,2032
1344,51.33938087078711,-1.8472720976101726,1975,5744,1613
1345,51.28493572814477,-2.2753097243726765,1939,4372,2439
1346,52.61262932126059,-1.5287907820095445,1963,4914,1846
1347,51.75456963014535,-2.9863318103452436,1386,4626,1564
1348,51.056772589808766,-1.3300973485923753,1472,5697,2207
1349,52.34157235959984,-0.7469999457741543,1065,4722,1740
1350,51.09449446497001,-0.6588825722286122,1493,5804,2304
1351,52.33497833955265,-2.7407282838368197,1008,4962,1750
1352,52.757180392425305,-1.4731738112194583,1451,5255,2027
1353,52.40379228328533,-0.6680206008672411,1712,5458,1735
1354,52.11689325564356,-0.8363899813608526,1782,5394,2089
1355,51.4732100795463,-1.7799152821429265,1944,5212,2276
1356,52.45560540373075,-2.892603769446739,1964,5378,1887
1357,52.211113355645004,-1.2837979950614087,1795,4320,1946
1358,52.37540480141812,-0.15805137408530445,1805,4603,2214
1359,52.73172303766989,-2.8301606573375397,1724,5172,1593
1360,50.952623048727595,-1.3351286432998881,1851,4128,1509
1361,50.983813193797374,-0.5465951381724379,1603,4224,1690
1362,52.15701398548101,-1.3578808448189252,1023,4937,2018
1363,50.717890932910365,-3.357588856558271,1227,5618,1510
1364,52.0379203038151,-0.5859865167687852,1787,5544,2196
1365,50.470628279516674,-1.95979164410955,1010,4331,1843
1366,52.168443480863246,-2.821666972609879,1215,5640,2134
1367,50.74428152192371,-2.799370777401121,1565,5107,2106
1368,51.48594625084374,-1.506970613695427,1229,4637,1535
1369,49.9288171454563,-2.3435774850336477,1592,5138,2227
1370,51.0104867440367,-0.3024429194164142,1180,4254,1762
1371,51.654667880376046,-1.3191137700605124,1914,5840,2252
1372,51.444978978113255,-2.4213871739846504,1168,5732,1755
1373,50.540598028469134,-1.3563839976056675,1130,4380,1566
1374,50.440430716933804,-0.1555614539101806,1838,4238,1833
1375,52.15788816841023,-2.760691253037282,1603,4535,1906
1376,50.89884027341034,-1.4728025777509202,1143,4502,1749
1377,51.55306771172863,-0.2605006289762417,1188,4876,1700
1378,52.22164285633829,-0.5935384332973723,1764,4412,2003
1379,52.28304975861995,-1.7447505999670478,1326,4068,2495
1380,50.12904012976994,-2.4552277390725292,1383,4511,1659
1381,51.383477997191875,-1.6043148443439939,1053,4560,1702
1382,51.55912317272861,-1.4656189434807865,1173,5423,2418
1383,50.595749432856394,-0.14382012924144227,1513,4930,1693
1384,52.76978849648876,-1.3051529354729765,1012,4572,1901
1385,50.18382030286928,-1.6607006812415008,1540,4534,2243
1386,50.78746577987171,-2.6005423538008228,1410,5414,2335
1387,50.43673083156431,-1.5178198304537656,1899,4267,2305
1388,52.79645125702572,-2.7078613313578694,1102,5909,2491
1389,52.785756342199925,-0.7291006966046267,1653,5132,2428
1390,50.14001970214815,-2.116005802820247,1212,4041,1976
1391,50.17606730348493,-2.3565781421338867,1392,5733,2404
1392,50.603185603105416,-1.4338934356107187,1719,4886,1915
1393,52.363997220500416,-0.8263135708404641,1765,4399,1949
1394,52.402495977920516,-0.35868222911932923,1054,5979,2402
1395,49.999546098117456,-2.643341039154227,1280,5672,2418
1396,50.7269894118016,-0.037546445356295255,1080,4099,1578
1397,51.9314828053556,-1.1638649683401647,1261,4173,1918
1398,50.829719723095934,-1.6489150114187523,1644,5436,2407
1399,52.1196976260737,-2.0023386119289706,1331,4226,1908
1400,52.22777500984823,-1.8346239331938115,1279,4063,2320
1401,51.88691920633556,-0.33608975996424917,1906,4817,1563
1402,51.06715939736623,-1.2392502917740322,1286,4343,2307
1403,52.007167063419736,-1.712331939167325,1056,4335,1552
1404,52.73497680214499,-2.8050033879519463,1100,4052,2028
1405,52.28101725711971,-0.06737136232028051,1769,4731,1954
1406,51.038334983238364,-1.1040831976563177,1955,5396,1500
1407,52.18078802333163,-1.8875970742481247,1689,5008,1815
1408,50.39712861921261,-0.26946496529842223,1742,4372,2432
1409,50.46684670627739,-1.107331542657866,1673,5601,1643
1410,52.51979498229791,-0.8145880047164247,1744,5253,1586
1411,51.33009581988658,-1.2876758650763835,1398,4873,2131
1412,51.74808177574784,-2.3420922213259567,1741,4998,1566
1413,52.35967402152482,-2.384164835817347,1556,4294,1977
1414,51.74999997066552,-0.22058690196785635,1723,4631,2289
1415,51.31409112033273,-3.1743781287835815,1523,4076,1664
1416,51.4433119797186,-0.8166796539468657,1475,5861,1640
1417,51.962167026843126,-0.7171626111989378,1367,4561,1881
1418,50.89713771984712,-1.3532555274370774,1881,4153,1815
1419,51.89107768343339,-1.2297098862479876,1443,5513,2015
1420,51.058116026490076,-0.686774998793557,1112,5878,1767
1421,52.44103101168666,-0.6389107834630203,1745,4338,2206
1422,50.67235417743953,-1.015392131941283,1219,5604,2035
1423,51.36437869119048,-1.5680983675732967,1178,4282,1900
1424,52.13248517558319,-0.578720937619218,1387,5265,1554
1425,50.05370836748709,-2.240523894821197,1486,4624,2213
1426,51.02348616513591,-2.240620061114931,1619,5819,1719
1427,51.403707112146115,-2.2242339205958075,1181,4240,1594
1428,51.55717404575412,-2.8236736705426857,1389,4995,2446
1429,50.15509705741838,-0.010714338426388803,1156,5561,1528
1430,52.306893650286334,-1.0495411308655376,1188,5989,2336
1431,51.57212830728436,-0.5925977973545651,1857,5959,2416
1432,52.71596959072079,-2.751606579026563,1914,4122,2475
1433,50.3147689643548,-0.3400238135430489,1040,5787,2039
1434,49.90387160175954,-1.4687093703237546,1269,5368,1782
1435,51.320615640719026,-1.1463961903273634,1565,4068,2211
1436,50.723761249903355,-2.799330473454139,1716,5975,1713
1437,51.200684018166164,-1.827830246436133,1058,5238,2224
1438,52.70642840551292,-0.07401545332943282,1842,5609,1993
1439,52.47425801069066,-0.9362263069120562,1243,4771,1925
1440,52.57714807093662,-1.674511611758006,1048,5119,2060
1441,50.40170797727234,-0.7858790504348931,1305,5960,1590
1442,51.64901327596391,-2.473783286962133,1260,4710,1713
1443,51.663422911948444,-2.2398566199526257,1286,5461,2247
1444,52.49898075626641,-2.9638342173227716,1060,4170,2014
1445,52.23460373260248,-0.29134828321850526,1547,5529,1918
1446,50.47133997380639,-2.9716891604380855,1987,5722,2111
1447,51.27877558128448,-1.5649890399834672,1538,4928,1762
1448,50.58383201582119,-0.23722622830492668,1044,4616,1514
1449,51.07081940351198,-0.4694110908538476,1019,5142,1587
1450,50.55706650662883,-0.15561574249801646,1169,4151,2415
1451,50.94964538338243,-2.8583575374357277,1529,4931,2264
1452,52.691359826209144,-1.9153989410838745,1357,4709,1522
1453,51.7693377546023,-1.0385135871074462,1469,5252,2101
1454,50.79763216857433,-2.03089022241773,1782,5391,1955
1455,50.1117215721017,-2.712167290465069,1542,4791,2483
1456,52.59039447928651,-1.4596446074497296,1971,5433,2359
1457,50.34711429194128,-3.385656272451834,1012,5080,1838
1458,50.53515116480036,-1.3571399355326195,1386,5328,2153
1459,50.14384531746762,-1.2397554443860934,1657,5091,2021
1460,52.72783908641995,-3.1030585998689837,1072,4178,1798
1461,51.67564567768165,-2.469550361184088,1507,4691,1545
1462,51.562981730688875,-0.10447405951630895,1068,4759,1918
1463,52.124669248327066,-1.627513809374432,1999,4617,2012
1464,51.10810102153075,-2.8009208165907036,1728,4733,2438
1465,50.735963648588125,-2.044639073168407,1867,5546,1739
1466,51.478988713123805,-2.090981472236596,1208,4957,1617
1467,52.28313289829619,-1.6387999969414189,1320,4998,2181
1468,52.54314671775015,-1.34557142508136,1775,5274,2361
1469,52.64648018256092,-3.0779089787619194,1164,5074,2042
1470,50.76623602138002,-1.5919849356119495,1861,4727,2269
1471,52.75818853604266,-1.5884657652208785,1046,5440,2007
1472,51.77676615342715,-2.877209274966609,1919,4936,1745
1473,51.721071193040146,-1.9044905844565307,1420,4038,1533
1474,51.83805915622437,-2.562958900016331,1540,4107,2097
1475,52.57849325275217,-1.1546000937781997,1348,5658,2218
1476,50.43798091757344,-1.378573105656831,1231,5308,1627
1477,52.35397443602502,-3.087830789915913,1608,4741,2206
1478,50.70360367086681,-1.9960462681849878,1721,5547,2492
1479,51.29338648061109,-2.1574804459640387,1784,4006,1681
1480,52.72590397936627,-1.2242840298443727,1713,5599,1859
1481,51.39635086524436,-3.2153585681540715,1604,4357,1991
1482,50.150075974973525,-2.5627877269453405,1935,5001,2272
1483,50.53201889864784,-2.7081271736269326,1613,5237,1825
1484,51.467412638953206,-0.7016517169222598,1951,5120,1821
1485,51.61169074420525,-0.5141203371304903,1397,4854,2126
1486,50.69625151737108,-0.6288335914152907,1678,5528,2186
1487,51.641069199093906,-0.3826198960722049,1309,5156,2481
1488,52.02313189635903,-0.23905593711402595,1799,4907,2354
1489,49.919821415074495,-2.033180907296573,1558,5949,1678
1490,50.897595725068605,-1.8390519323266918,1397,5282,1784
1491,51.24728506685824,-1.5543416010709301,1359,4478,1562
1492,51.20788997977973,-3.2352845413654236,1208,5909,1902
1493,50.971758859375655,-0.08892841532310802,1792,5949,1640
1494,51.67265182175808,-3.217946197170563,1857,5708,2277
1495,50.10217250948163,-0.0089036287640063,1765,4696,2061
1496,50.66959222119722,-2.9419108900366977,1068,5963,1673
1497,50.1975419585789,-2.651164622561409,1576,4019,1826
1498,52.410799256922665,-0.5196486619087977,1954,5765,2209
1499,50.99362726844533,-1.2192629408451499,1534,5091,2181
1500,50.7597876590036,-2.9965674205331947,1611,5910,2013
1501,50.09663338002841,-2.892909845567003,1993,5956,2327
1502,50.41307144707568,-0.22111768781998098,1220,5560,2197
1503,50.34938757757921,-2.4936532117396464,1360,4473,1885
1504,51.3057350164957,-1.9201631826398826,1257,5629,2080
1505,51.41376803715894,-1.369484073012313,1919,5281,1705
1506,51.05398811933285,-0.15873507601188042,1815,5604,1993
1507,49.90598435612831,-1.3443299500352723,1438,5536,1501
1508,51.70542571242908,-0.6425206263726397,1032,5461,1539
1509,51.807793689982745,-0.8352444575801306,1589,4375,2298
1510,50.62479363398363,-0.10308279226827866,1373,5105,1664
1511,50.98625392775209,-1.2260773554300313,1351,5265,1527
1512,50.45398114439944,-0.20593522699285272,1558,5530,1590
1513,51.957673749230494,-0.4334952651664201,1659,4524,1617
1514,50.41031734120436,-2.1397704692523014,1322,5227,1956
1515,51.97449179887511,-2.214439555164817,1874,4465,1776
1516,52.58842579620178,-0.0764524176290502,1747,4582,1853
1517,50.6262126957115,-1.1094410142078717,1262,4712,1801
1518,52.67554041074807,-2.1695386902652447,1542,4103,1972
1519,51.215687512231206,-0.5420832013636732,1283,4022,2355
1520,52.11373325665495,-2.541568733749793,1420,5697,2202
1521,51.85059449350568,-1.1930093723848736,1056,5508,1703
1522,52.464934368257325,-2.306950637271718,1933,4141,1557
1523,50.558331346473835,-0.8015265769470017,1527,5643,2330
1524,50.772310509535764,-1.1382847478927163,1352,5016,1578
1525,52.66507724029563,-2.9288177634599197,1481,5015,2128
1526,52.084802409026125,-0.6271205892178062,1476,5382,1983
1527,51.66517041303765,-3.047871790965292,1858,4377,2088
1528,52.65832363436237,-2.556743552781345,1466,5309,1776
1529,51.896581055106125,-0.30034789967930653,1560,5752,1745
1530,52.268871337887674,-1.4644256143201126,1618,4228,2355
1531,50.62171916708509,-3.264107430832301,1246,5787,1842
1532,52.11882611471604,-2.82898212685431,1207,4792,1602
1533,52.44433230289827,-2.6522697929703476,1824,5457,1581
1534,51.213321689373714,-3.045942675920329,1255,4469,1565
1535,50.522125508100416,-1.1411929996108912,1383,5358,1789
1536,51.34514839644723,-2.2891544228288083,1490,5054,2319
1537,51.01021159034987,-1.5066715309292518,1706,5179,1633
1538,51.41423120936467,-1.8538532502686862,1398,4679,2494
1539,52.44900248910046,-1.0282874242477775,1556,5252,1864
1540,50.40540760435213,-1.1549652893826354,1380,4390,1780
1541,50.43352091815398,-0.8530001780325311,1087,4195,2150
1542,50.180047288430124,-3.034267082492027,1291,5160,1544
1543,52.133437152515725,-1.5521715756125654,1822,5525,2483
1544,50.230430990261596,-2.8777707561704657,1122,4704,2376
1545,52.64917031520057,-2.8134999252825397,1751,5397,2326
1546,49.99690196950647,-1.6306094937725433,1788,4525,2478
1547,50.65342513047301,-1.5136738756434212,1909,5290,1607
1548,52.35329445418164,-0.28731314844228706,1817,5274,1665
1549,52.71585833654999,-2.159294513158522,1768,4232,1805
1550,52.2100877855884,-0.08191564443787591,1629,5480,1818
1551,51.87482633195764,-2.859258284970515,1752,4587,2306
1552,51.091102820373195,-0.797937538870622,1320,4304,2278
1553,52.743479215908614,-2.6340593430652928,1404,4433,2100
1554,51.99328609437779,-2.6501880382740692,1434,5517,1550
1555,51.55627754342761,-1.8482626533011857,1777,4985,1979
1556,50.84924281718273,-2.39272749385266,1275,4601,1510
1557,50.5580641282303,-2.1470397336134877,1440,4835,2087
1558,51.461147830320854,-1.5179846944668693,1338,4388,1547
1559,51.87370393277487,-1.9004512648852914,1694,4819,2064
1560,50.941711905223464,-2.5274238157232394,1276,5778,1774
1561,50.5251624817312,-1.6531801969993503,1309,4537,2336
1562,51.57788288734625,-2.871645736723532,1381,5606,2379
1563,52.04082005591767,-1.047472246460449,1106,5372,1656
1564,50.97881380084501,-0.9556638123024674,1251,4435,1553
1565,50.95049907369962,-2.9157607237807315,1087,4773,2394
1566,51.82502924382727,-0.4208623754641523,1033,4509,1826
1567,50.966611113768266,-1.1415532872677625,1227,4241,2319
1568,50.70350313442973,-1.9548481690444364,1613,5879,2091
1569,51.8173356418154,-2.5173359030041174,1874,4993,2134
1570,51.35960793195344,-1.4803009242158944,1292,4367,2189
1571,51.476952916036005,-2.2190221457586707,1757,5125,1915
1572,50.00630468265936,-0.4379804118110804,1110,5719,1875
1573,52.16549124851175,-0.3350895811526686,1514,4823,1974
1574,51.69340622281121,-0.10522938792014935,1951,4963,2090
1575,52.36035558476135,-2.451827980302419,1002,4597,1643
1576,52.732422012607714,-0.6973625076536747,1184,5543,1528
1577,51.50710395020948,-3.1852076767697146,1020,5841,2216
1578,51.3859732025188,-1.8074783175622369,1781,5577,1603
1579,51.7514337378479,-0.7360642476859462,1150,5064,1935
1580,52.191209478901975,-0.4130624592178389,1439,5863,2491
1581,51.963535424764956,-2.0822367194603046,1413,4471,2322
1582,50.956733359555116,-0.9690479329560393,1882,4201,2438
1583,50.43371699763881,-0.725612450862775,1807,4195,2093
1584,52.274505594294716,-0.4016697433567926,1668,5485,2141
1585,51.92655496247681,-2.3014790958202314,1158,5394,1744
1586,50.97181118622299,-1.573402509134916,1886,4062,2073
1587,50.48233717536017,-1.039508040235856,1968,5105,1557
1588,52.075731034894886,-1.1576058022814064,1834,5299,1832
1589,52.072069150657754,-1.741295567894552,1366,4246,1623
1590,51.10554014892909,-2.2014795099946594,1555,4447,2100
1591,52.574495986934295,-2.208579784205752,1114,5410,2201
1592,52.20756270102556,-2.8313741042732308,1974,4708,1939
1593,50.79651604647768,-0.23218610583083832,1476,5505,1630
1594,51.135555338587025,-2.5931159352331243,1748,4391,2438
1595,49.988126737877536,-2.0446546597515827,1223,5482,1687
1596,52.1586725189915,-3.2540458363311875,1107,5593,1704
1597,51.143384438609516,-2.947412765665528,1780,4608,2095
1598,52.13420584607558,-0.14490726416546584,1931,4908,2077
1599,50.85916900126295,-0.7567710014028681,1184,4562,2442
1600,51.66999301224681,-0.8034454253121881,1916,5290,2062
1601,50.03202363050428,-2.389579350097411,1997,4272,2311
1602,52.15764093339956,-2.470277705587737,1999,4232,1758
1603,51.210616259147045,-1.4413339038190356,1626,4855,1862
1604,52.73609571488716,-1.600672845199819,1575,4042,2256
1605,51.93622884703201,-0.1479016528231929,1826,4071,2198
1606,52.275776701733875,-0.12435647355074986,1251,5370,1730
1607,50.656241593656354,-1.7428608205293492,1524,4931,2274
1608,52.06683395653155,-1.9184087802550749,1363,4397,1627
1609,50.1734251551012,-2.783726603912913,1741,5575,2444
1610,52.31869435415388,-0.5215122859759114,1321,5122,2339
1611,52.15602655794499,-0.5945854931598884,1062,4987,2377
1612,52.750081347555856,-2.966449153746278,1132,4931,1863
1613,49.96956726535587,-1.614604141825302,1168,4003,2171
1614,50.54965932985665,-0.4531729729264167,1595,5652,1887
1615,51.78403428537143,-3.310753385730553,1788,5661,1900
1616,52.55733382892345,-3.1903993489497395,1104,5843,2094
1617,51.791560350110615,-0.7512847266694345,1267,4314,2178
1618,51.764693995275366,-2.872685683912909,1118,5999,2421
1619,51.5827837368393,-0.9474165120457672,1668,5580,1531
1620,52.72212785901971,-0.3720548343345067,1083,4487,1664
1621,52.06083068446273,-1.9482049136599497,1844,4973,1600
1622,50.70944942194321,-1.3859625061364111,1373,4031,2309
1623,50.113061979989084,-2.8967234409714218,1822,4600,1722
1624,51.73152009804017,-1.014865377780306,1321,4842,2049
1625,52.62778126678321,-2.4961501993972455,1414,5541,2217
1626,50.65550124233819,-2.8444932837577364,1395,4830,1951
1627,50.88854675850535,-1.004216441881176,1197,4495,1506
1628,51.326206235304696,-1.5919907479977824,1846,4659,1825
1629,51.56270181493681,-2.4098237711787887,1219,5302,1827
1630,52.50044647443042,-1.7281676916332906,1367,4898,1646
1631,51.3896304847004,-2.201410901561279,1211,5017,2169
1632,51.43212260667225,-2.7717636403528023,1214,4891,1596
1633,52.20225513007549,-0.5821108362895906,1090,4763,1975
1634,50.11658853873983,-1.6226014921496699,1819,5151,1603
1635,52.78383747424309,-2.224473693741749,1995,4114,1953
1636,52.491255872727095,-0.9950151635695503,1209,4683,2410
1637,51.18076508072139,-0.5725915027775867,1414,5623,1704
1638,50.65825826402612,-1.1519386518728663,1382,4900,1916
1639,51.91303624158388,-1.4075731467264831,1035,4876,2395
1640,52.18563661535312,-0.15302509516022011,1863,4382,1761
1641,51.128426132486204,-2.521053935879325,1587,4366,1967
1642,52.57766097011736,-1.8280090858296412,1444,5874,1846
1643,50.11397852127478,-1.5427343405364866,1297,4444,2247
1644,51.1016564198677,-1.122731111621054,1495,5106,2278
1645,50.74894483210482,-2.222758575964802,1431,4175,2208
1646,51.170690316005484,-1.8591772432084017,1683,5829,2068
1647,51.558624735077736,-2.800420145839093,1392,5064,1926
1648,50.20386777712953,-2.8038247276461057,1813,4679,2201
1649,52.451529156553406,-2.6912957483127773,1379,4207,2255
1650,52.42535680174183,-2.4171643206485482,1743,4325,2010
1651,51.365105279596435,-3.109255979491289,1770,4592,1612
1652,52.05588062998927,-2.8237075980293844,1886,4024,1652
1653,51.82431784678126,-1.6555964150062026,1839,5528,2061
1654,50.38291887511906,-0.7141855718554111,1385,5520,1503
1655,52.481222838686506,-3.035184529294336,1735,4189,2159
1656,50.576026580555094,-0.3785425533554636,1761,4909,2067
1657,50.84916072935762,-1.120640720462339,1778,5703,2097
1658,52.05558917329167,-2.9705303874676092,1072,4874,2109
1659,50.47260420183268,-2.70874906022856,1359,4710,1856
1660,51.89723380894235,-0.2526744270475989,1947,4321,2130
1661,50.61723475709959,-3.214062270998931,1277,5435,1773
1662,50.66617331151909,-1.3148109140809972,1205,5524,2004
1663,52.763225336733704,-3.1086885050808553,1890,4500,1769
1664,49.96053733370721,-0.086436013168679,1852,4186,2018
1665,50.98349671285957,-1.4031106569940008,1742,5762,1824
1666,52.26002483834589,-2.4025244507418027,1716,4990,1875
1667,51.51027765605178,-0.8534477472147208,1804,4727,2199
1668,50.41704855028872,-2.554152858842937,1471,5829,1567
1669,51.56516648855094,-1.70085454114985,1688,5702,1722
1670,52.07328132424606,-1.7753711754723762,1323,5929,2142
1671,50.91763405841058,-0.3889786250220464,1852,5287,2487
1672,51.86767141145566,-2.9120601141570823,1995,4772,2200
1673,51.52310786243538,-2.8049698948967317,1003,5462,2459
1674,50.897111063744184,-0.665867572547227,1510,4030,1649
1675,52.44862349359974,-1.0999116185195068,1404,4554,2235
1676,50.366304975814536,-3.028203459293748,1001,4424,2402
1677,50.290542900039846,-0.6966196673764959,1887,4511,2352
1678,51.62894337383772,-1.9892894471399265,1204,5140,1926
1679,52.551510807589594,-1.8220101350399331,1700,4146,1714
1680,52.47264317313012,-3.2392934948307097,1398,5009,1508
1681,50.66696061197332,-2.034026147337923,1237,5813,1585
1682,52.775544638388354,-0.2118936641192377,1825,5883,2097
1683,51.39199400709483,-2.563521356528531,1814,5377,1842
1684,52.11560656096246,-2.896699571806723,1730,4731,1655
1685,50.06224870099482,-0.8527580280350802,1241,5340,2446
1686,50.116710524060046,-2.605778997752794,1720,5887,2146
1687,51.17986477821233,-0.3267301392546851,1811,4823,1628
1688,50.303931947251115,-0.010852454626268937,1265,5157,2088
1689,51.1243932146017,-2.316493184567931,1148,4942,1748
1690,51.06297676454373,-0.9895271382114004,1965,4006,2161
1691,51.87610134696599,-0.7145643826599035,1963,5627,2300
1692,50.479907146351835,-1.1311410031126967,1762,4099,2030
1693,51.090168853063126,-2.3669050276548784,1562,4159,2121
1694,50.48610082214576,-3.088629128950971,1291,4458,1510
1695,51.636988947733926,-2.7225940683953938,1343,4608,2104
1696,51.28319734358445,-2.4866177620105647,1012,5356,1548
1697,52.334174418725716,-2.393285542481472,1886,5370,1778
1698,50.42520462430121,-0.5250114760136722,1509,4642,2186
1699,51.515569131901955,-2.5510360994821752,1077,5662,1727
1700,52.400916261397015,-0.18719916957145788,1377,4641,1773
1701,50.32680518566096,-1.5272793241374232,1818,4533,1626
1702,51.942289758482474,-0.1505257456836131,1741,4453,1747
1703,52.3685294443014,-1.8495931243839574,1275,5748,1703
1704,51.04782536224194,-0.9819081952203903,1229,4492,2425
1705,50.08144603496352,-1.9554809475120256,1550,5544,1990
1706,52.58213893846567,-0.1774940443338191,1172,4181,1792
1707,51.30604298825794,-1.1701100557043485,1545,5392,2238
1708,51.789398600332774,-2.3644129997788323,1020,5441,1515
1709,50.85580684380413,-2.483645390467785,1386,5578,1560
1710,50.53619129176001,-1.6474401570426902,1841,5883,1505
1711,51.498475718988665,-2.928521730568269,1438,5945,1770
1712,50.53549764746517,-0.11350112714662952,1895,4680,2217
1713,50.15974717469103,-2.243950921276919,1506,4943,2173
1714,52.07816484399944,-0.7149300560856502,1629,5371,2080
1715,51.29637178709893,-2.2875883971625193,1263,4298,1595
1716,50.57193287463031,-2.825054389259334,1512,5405,2025
1717,50.934772728215975,-0.3148311530472325,1910,4771,2270
1718,50.8193124494114,-2.611417085031378,1948,5788,1557
1719,51.384288960814686,-3.352394563460297,1343,4946,2359
1720,52.68140500896641,-2.8589700173645975,1849,4883,1671
1721,51.88159044188318,-1.0816681130113923,1711,4522,1734
1722,51.54302973098593,-2.822020708251966,1950,4966,2381
1723,51.6086949827402,-3.260627674974655,1047,5995,1921
1724,50.59318383492231,-1.2934012394597625,1774,5122,1701
1725,50.46759316718293,-1.862081053009728,1799,4700,2140
1726,51.911342744991686,-1.1194429136358308,1223,4761,2226
1727,52.112138176281405,-2.2960350355150227,1801,5614,2204
1728,52.1077557727443,-2.427799482223503,1050,5664,2154
1729,52.2556602862359,-0.583447517333723,1644,5105,1571
1730,50.68534696700596,-2.5737834097034558,1368,5799,1627
1731,52.11492777797146,-1.4145154282587442,1833,4581,1635
1732,50.10575635659499,-2.119672420356971,1116,5733,2040
1733,51.96145038925696,-2.988750848477003,1282,4569,1624
1734,49.95264806031835,-1.0763399771165632,1118,5955,1794
1735,52.203171480023805,-1.430382183575019,1646,4988,2269
1736,50.838263340037884,-3.057615576678298,1262,5149,1965
1737,51.344685930516064,-0.14568585841693205,1896,5468,1648
1738,52.580284478499614,-0.9231912657229646,1807,4602,1510
1739,52.44239487441432,-0.6302568754574343,1320,4179,1878
1740,52.00065458133522,-0.3193548936946944,1555,5906,2492
1741,50.23494346661842,-1.0535984068679891,1463,5621,1644
1742,52.48815767988146,-3.110366280396797,1779,5154,2499
1743,51.18353764072859,-0.3297737154958402,1047,4498,2297
1744,52.19196544668645,-0.18146448101109192,1962,4929,2259
1745,52.60774812586294,-0.015366255436486842,1867,5160,2335
1746,50.31199970082546,-3.300339684296922,1880,5452,1637
1747,51.038015748159204,-1.1919386449402447,1975,4431,2307
1748,52.282976096922766,-2.441526724071417,1424,4433,2112
1749,52.70551137239312,-1.5680088325583426,1066,4330,1984
1750,51.518878383232874,-2.712359735930564,1238,4186,1934
1751,51.50016514915927,-2.7930558749080636,1830,4621,2059
1752,50.824947011106076,-2.1006932883637877,1348,4139,1791
1753,51.31454411114332,-2.890730229201033,1744,4147,2111
1754,51.52834981470957,-2.849176721382104,1553,5831,2164
1755,52.31224859641975,-1.1521075792888045,1517,4143,1806
1756,51.36191361165689,-1.4879215924498352,1042,4030,1846
1757,51.631654681305335,-0.36079485078817886,1331,4329,1735
1758,50.10167050979232,-3.0109765493441523,1837,5815,1823
1759,51.85078384625373,-2.749396758550488,1273,4015,1593
1760,51.07541472263011,-0.7286465107378133,1814,5018,2258
1761,51.95562360146827,-1.4057684493660723,1283,4549,2333
1762,52.392042965375715,-2.4415818503041034,1626,5755,2064
1763,50.68469019579263,-1.5064619339355674,1147,4161,2291
1764,51.0849954522171,-0.027105655787933447,1280,5126,1710
1765,51.20013359734801,-0.9406695425133851,1648,5395,2359
1766,51.29728585533798,-0.29180826593391807,1064,5713,1793
1767,50.81634431466676,-0.6221903630226393,1324,4425,1564
1768,51.5234830346161,-2.515591138606057,1104,5761,2130
1769,50.360126773693025,-3.0115161380705358,1724,4130,1747
1770,50.13097912440631,-0.7136306781252868,1897,4522,1979
1771,51.8582349109144,-2.791794400622346,1270,5130,1522
1772,52.31834410763712,-3.0320199695251993,1268,5209,1929
1773,50.61200687888924,-2.6104645976766947,1976,5009,2485
1774,52.25242204398955,-2.5377758563015087,1918,4072,1830
1775,50.30821075037826,-2.678396480588276,1453,5197,1933
1776,50.8438568262903,-0.7635142255667429,1159,5115,2039
1777,50.73758632891736,-0.9124070758945138,1638,4571,2205
1778,52.139912101622976,-0.03763564307688094,1485,4046,1739
1779,50.21059914437323,-0.910339253692722,1290,4845,2306
1780,51.833659747936466,-1.0252303142527341,1804,4475,1787
1781,51.531793843348275,-0.867507971863489,1220,4721,1822
1782,52.610690288807774,-0.5285780193701735,1904,4370,1929
1783,50.123777259600814,-1.5048804536346603,1949,4175,1877
1784,50.505587569111945,-1.220807936239729,1190,5003,2453
1785,51.63265663480712,-2.0782813711400734,1666,5731,1990
1786,51.516057999270906,-3.2161679600302984,1068,5357,1568
1787,51.69444197365094,-1.5276060326857341,1460,4829,2126
1788,50.63322627195459,-3.0458867104322067,1793,5526,1701
1789,49.98266561541605,-0.6069536296462563,1095,5596,2065
1790,50.162482582398724,-3.340828177457316,1245,4442,1825
1791,51.77883503208542,-1.1183889889788161,1022,4506,1661
1792,52.09033630498377,-3.227520811408788,1895,4332,2321
1793,51.055140779232936,-2.862336177728635,1619,5041,1612
1794,50.81889958336577,-0.8139423741035157,1846,4132,2289
1795,50.29945756286337,-0.8168373499018071,1305,5425,2154
1796,51.763537356012094,-1.0148031305505674,1228,5927,1678
1797,50.02236333329735,-2.8557114243109973,1425,4999,1686
1798,49.90521107170461,-0.027915823784120608,1065,5371,2329
1799,51.57449132856739,-2.0806765044790954,1917,4336,1592
1800,51.2977556678584,-0.3815997365790391,1915,4987,2247
1801,49.96663886022194,-0.3338353724917704,1061,5326,1951
1802,52.468517188798856,-1.5087299382801416,1486,5344,1827
1803,52.53080141713669,-3.2304479824304058,1599,4553,1815
1804,52.05477477378956,-1.9472427740559572,1561,5626,1619
1805,50.04603527720134,-2.6117300933736263,1929,4243,1580
1806,51.57355400879614,-0.5591720317102484,1598,4690,2494
1807,50.56835909506341,-1.3622051440604794,1977,5347,2281
1808,52.42391580537237,-1.9896426450304152,1172,5222,1520
1809,50.050283166224574,-2.252842395599457,1182,4995,2389
1810,51.78978706437048,-2.723475847364262,1935,5323,2139
1811,50.394764245009505,-2.6734899879643654,1212,5777,1793
1812,50.764577550358794,-2.612621514923732,1796,5612,2060
1813,50.646475182997804,-2.3301789522093967,1248,4065,2117
1814,50.44016297063704,-0.8542123452944095,1793,5942,2315
1815,51.66286822385465,-0.4915251260559663,1087,5106,2096
1816,50.15757282363534,-1.6377211419265945,1172,5387,1954
1817,52.04939519572044,-0.7708014898283206,1112,4572,2316
1818,50.16892237686346,-1.626143084866917,1280,4109,1785
1819,51.122954123965435,-3.1424092398791905,1996,4408,2476
1820,51.345214411340415,-3.3066913649881076,1959,5431,1739
1821,50.62818911983151,-0.41087206465848825,1765,4841,2492
1822,51.72221886154999,-1.8529380399286324,1029,5852,1986
1823,52.05225770270904,-1.984998378455732,1583,5315,1835
1824,51.27044110915429,-2.2489765035707165,1109,5271,1759
1825,51.74144284648413,-2.2213008033030652,1113,5165,1611
1826,51.02623634718554,-2.704038859095312,1991,5856,1558
1827,50.18060984407111,-2.433656403255722,1717,5008,1572
1828,50.41284828394531,-2.1027848809515692,1889,4095,2478
1829,50.477984182338496,-2.5386177804964123,1796,5796,2214
1830,50.87969579985209,-3.3294906157758772,1603,5841,2386
1831,50.544903487353714,-1.1545165681019278,1223,4387,1642
1832,50.7939062395891,-0.11663268052810372,1591,4772,2180
1833,51.35555869690212,-0.7766097573397532,1098,5538,1720
1834,50.5537503544992,-1.8249024621218437,1516,5111,1617
1835,51.655829620901464,-0.8280276282044992,1992,4310,2217
1836,51.652291683899044,-2.698040696629705,1236,4635,2020
1837,50.93173224521817,-1.7979146393145284,1147,4601,2236
1838,51.965924546264134,-3.1323978773255337,1673,4595,2024
1839,50.886825104450324,-2.944596877646138,1431,4926,1979
1840,51.620424715784985,-1.2278789648917359,1106,5264,2214
1841,51.58313491107836,-2.541132034220826,1820,5780,2189
1842,50.83804051963285,-2.429870173980204,1164,4706,1669
1843,50.14982128728795,-1.771073561697244,1207,4267,1891
1844,50.432099399412756,-0.23662237064440284,1268,4519,2226
1845,50.73757206543647,-0.7203919910644965,1945,5162,1963
1846,50.1817352955624,-0.5501673427601736,1288,4927,1993
1847,50.36705160644632,-2.4791814770328497,1902,4825,1728
1848,50.71108148655653,-1.576958779721391,1527,4407,2178
1849,50.399995036719204,-2.489449047824391,1592,5275,2021
1850,50.35641747443309,-0.7347881479714333,1527,4466,1853
1851,50.07565968907086,-3.1932971757239246,1048,4368,2345
1852,51.4077831734509,-1.4197020409594097,1317,4920,1636
1853,52.713066530331716,-2.6050985245807663,1320,4307,2356
1854,51.13347324937814,-0.36461972723210545,1733,4165,1897
1855,49.93423491600249,-1.646575107043632,1956,5845,2469
1856,51.347046200251405,-0.06029457664515814,1868,4343,1649
1857,52.271908917463435,-1.3946289019612816,1093,4553,2194
1858,51.34301687099624,-0.12033779938827038,1019,5526,1968
1859,52.4802872949747,-2.738967214859767,1667,4733,1609
1860,50.34540093698092,-1.5089136431917927,1277,4576,1553
1861,51.23095349465977,-2.237806015156816,1304,5341,2424
1862,51.74839475923337,-2.7467423045419235,1381,4922,1734
1863,50.135243236206314,-0.7346442204368526,1932,5692,1832
1864,52.661375644680284,-1.1678315786686877,1358,4798,1810
1865,50.72265861668605,-0.3980889087188695,1536,5785,1640
1866,52.51058709275788,-0.837085742509037,1919,5633,2494
1867,52.074467667295025,-0.7025021947239942,1603,5143,1539
1868,52.07881679142315,-1.7423185766924645,1223,5181,1680
1869,52.09570494091671,-1.8640217277658935,1840,5051,2088
1870,51.05558861834817,-0.44430737158412903,1661,4878,2131
1871,51.60380267395163,-0.742677952179617,1913,5601,1888
1872,52.04936062411443,-1.7808419258002424,1491,4104,1571
1873,50.38316417188751,-0.2880311785273535,1727,5961,1503
1874,50.047993808119635,-0.9912593711306266,1133,5721,1985
1875,50.12744081216843,-2.777633849683731,1716,4451,1852
1876,52.60590822293281,-3.0892751967902337,1684,5040,1770
1877,50.35420896460644,-2.3912456688956576,1299,4318,1562
1878,50.17486971066651,-2.8414207888791587,1314,4989,1772
1879,50.17298469765753,-2.201677323533542,1024,4963,1825
1880,51.643829704701105,-1.8658120966311136,1989,4814,2414
1881,51.73039464644596,-0.9554398165770501,1912,5343,2385
1882,51.99106862975321,-2.1215557424779043,1155,5313,2198
1883,51.63428245510741,-1.0847985066774988,1038,4878,2206
1884,51.526266727111484,-0.9544634791111255,1004,5354,1855
1885,52.54553768162036,-0.29364747276650993,1420,5431,2093
1886,49.926286082139335,-2.9639995282135367,1165,4494,2222
1887,50.12262159017527,-2.0680890878647578,1316,4812,1650
1888,51.05952568834648,-1.7840880720134422,1277,4543,2056
1889,51.37509844578024,-0.781295307103647,1699,5469,1939
1890,52.47228973375302,-0.11246108406907407,1786,4814,2360
1891,51.12868871934161,-1.471055562146578,1030,4805,1522
1892,50.4591739534167,-2.58673851958672,1647,4035,1660
1893,52.065078581512985,-2.6564070347073585,1330,4463,1797
1894,50.97353152763674,-0.3967044355929197,1906,5868,2019
1895,51.430751163674515,-1.9882891968698073,1862,4410,1646
1896,50.03560165518124,-0.9849018661909312,1576,5105,1996
1897,49.979475745345255,-0.80712962596089,1166,5424,2071
1898,50.70648436207172,-0.8348161067341469,1857,5624,1584
1899,50.52636666646301,-2.002098405421062,1760,5950,2440
1900,51.860961702601806,-2.814585318711768,1126,4844,2435
1901,52.310823046541394,-1.9039892612879983,1256,4938,2445
1902,52.36978898104886,-0.04281431300146865,1142,4909,2292
1903,52.72729504528446,-2.07497838266207,1234,4918,1594
1904,50.791239924636194,-3.3315344073522213,1306,5548,1665
1905,50.58955167214577,-2.409583010536135,1916,4436,1845
1906,52.450993559245276,-2.937076347437128,1532,5611,2253
1907,52.246778277114856,-2.0529458858786134,1856,4860,1838
1908,50.29090303929916,-0.610741911050114,1449,4833,2423
1909,50.48678434661248,-1.715433673985655,1676,5328,1766
1910,52.1545108775701,-2.2242331564353908,1793,4083,1669
1911,51.943321029625565,-1.2738070897307043,1773,4410,2134
1912,51.01319346159872,-0.5616167702654957,1236,5574,2262
1913,52.46106246074077,-2.1575508314695213,1967,5033,1701
1914,52.50621623733326,-1.4966679222359633,1665,4515,2186
1915,52.52276574792265,-3.1443171226840305,1879,4337,1590
1916,51.32588783964172,-0.45998717095464947,1387,4632,1557
1917,51.1844436390463,-0.7216607733875167,1130,5850,1692
1918,52.2091158650712,-2.987261604542243,1208,4472,2369
1919,52.293689205037936,-3.3508952910471814,1951,4680,2438
1920,52.60910295675639,-2.034524378483324,1492,4796,2069
1921,51.86728250650846,-2.049282512430784,1042,5261,2314
1922,52.25491814127438,-2.6056717957194584,1261,4908,1633
1923,52.763866578136096,-1.535399154351865,1802,5515,1548
1924,50.725771609996194,-1.0582601778009586,1684,5613,1760
1925,52.10404829347893,-0.15424806433990357,1451,5008,1514
1926,51.20088849350732,-0.31788761503158147,1525,4195,2086
1927,52.01227238218371,-1.0424412572948945,1392,5055,1882
1928,52.76029043481095,-3.053070194240383,1403,5927,1519
1929,52.58779626617734,-0.13851229045548763,1408,4855,1560
1930,52.52700717212548,-1.3010101509995087,1188,5290,1858
1931,51.359148289575444,-0.8737863148349994,1027,4720,2014
1932,51.527493635491574,-0.17718143563067779,1701,5629,2216
1933,50.292396893627746,-3.1636047037761963,1632,4994,1510
1934,52.22832955551437,-3.2608076907160077,1311,4550,2379
1935,50.370367871494395,-2.7542454189578027,1697,4944,1917
1936,52.472912416812726,-2.273341896593803,1889,5398,1869
1937,51.02223902597096,-3.3473769630648427,1685,5337,2500
1938,50.532832076104114,-2.8262876770500895,1541,5276,2465
1939,51.006117505620864,-1.1415222754372323,1436,5128,2017
1940,51.91433462541277,-1.0190290122012504,1716,4339,1843
1941,50.19232229898694,-1.8102454040114648,1270,4089,2320
1942,50.07665373001673,-2.8245457753525187,1913,5698,2304
1943,52.585445663470516,-2.6117976224241612,1245,4018,2447
1944,50.982889299328264,-0.7696788000487116,1605,4642,2115
1945,50.74044109999669,-2.2125499495154055,1392,4934,2214
1946,52.282336976384855,-0.5702974873524509,1719,4747,1571
1947,51.24469611947138,-0.10005650493403362,1427,5711,2470
1948,52.403357179645084,-0.8105848045322004,1942,5620,1659
1949,51.741240009989816,-1.509927874008008,1102,5060,1904
1950,51.784229509085804,-2.412221411377369,1534,4530,2330
1951,51.53521919236228,-3.3096097253317587,1699,4720,2322
1952,52.78364119976128,-2.9205318032803547,1450,4984,1524
1953,51.78621634387982,-2.7970752678484514,1813,4325,2157
1954,50.84707566599613,-0.010977924595888311,1702,5499,2162
1955,52.370910610498555,-2.2546000505932966,1428,4090,2410
1956,52.521603502642115,-0.7279091769986894,1756,5239,2348
1957,52.363639423142104,-0.17140000849495518,1963,5744,2086
1958,50.977318612908874,-3.267356159052488,1787,5716,2103
1959,50.82586096697902,-0.3600421269651819,1018,4284,1939
1960,52.46629765519842,-1.0634251099760497,1865,5903,2371
1961,50.82801408136307,-1.5486340605877627,1078,4369,1804
1962,49.986237532597066,-0.3179027942005992,1589,5574,1983
1963,49.9816714184239,-0.8920484979673411,1549,4974,2310
1964,52.236876287897346,-3.0872277656609732,1954,5289,2488
1965,51.14892991471658,-0.7099937288723512,1149,5980,1666
1966,51.25992919737235,-2.8562597794961766,1682,5460,2495
1967,52.02242727781518,-3.0588290140590253,1654,4642,2168
1968,52.521865388332124,-2.3429318613093257,1870,5050,2341
1969,50.18008683219176,-0.3198413244409388,1761,5686,1590
1970,49.98602647779462,-2.174840208735824,1541,5342,1935
1971,52.51097898585639,-0.3853873851495879,1268,5873,2037
1972,51.65593794050168,-3.3448832583838355,1282,5212,2425
1973,51.90117854041102,-1.0534233430056554,1609,5333,2123
1974,50.99683782523747,-1.113617066428187,1534,5865,1684
1975,50.33385887529039,-1.5555187577372034,1045,5451,2259
1976,50.30548129509008,-2.9816856469848636,1535,4779,1853
1977,52.46798271772007,-0.8799994519598955,1041,4304,2001
1978,52.58059931697798,-0.39749816689372164,1911,5312,2073
1979,51.71390221266771,-2.3729697281589854,1902,5135,2425
1980,51.76524313989239,-0.49887769956469175,1845,4207,2311
1981,50.35580165942558,-0.509299367228274,1954,4936,1955
1982,49.97231945697342,-0.39116469305748147,1040,5784,1657
1983,51.15560362342723,-3.0056873550190217,1354,5584,1774
1984,52.78978753275933,-1.9252930105686203,1109,5398,2236
1985,51.512789610194844,-1.1331633836780641,1071,4757,1669
1986,52.6405547929256,-1.0111297162117823,1879,5557,1695
1987,50.23009075618607,-2.4592176283143834,1281,4239,1578
1988,52.67735392346906,-3.0523909304086425,1299,5881,1831
1989,52.4113837188947,-2.7408201725706256,1397,4065,1624
1990,52.2580079996778,-0.7316977462160343,1422,5672,1697
1991,50.766528530938416,-2.7573499705495594,1172,5915,2003
1992,51.522259520370504,-3.042389540847113,1465,4319,2143
1993,52.33960863897744,-0.8617892679451367,1507,4558,2062
1994,50.49232727518699,-1.2726677246460603,1338,4807,2086
1995,50.89135629371804,-2.248100704486943,1868,4777,2158
1996,51.0040963400201,-0.296591734122039,1308,5160,2076
1997,50.38726015093889,-1.6516375185807846,1838,4320,2486
1998,52.71056653877096,-1.20637568718593,1604,5741,2040
1999,50.61525400548604,-0.33331391788813214,1704,5620,2199
2000,52.68433769590269,-0.5847744139587063,1995,4867,2025
2001,52.22981569491036,-0.361682906894091,1806,5694,1504
2002,51.80544633651241,-1.7432265233757513,1410,4621,2425
2003,50.365134796833125,-0.5592284153224698,1594,4209,2227
2004,51.52119711692726,-0.7794141817510756,1648,4126,2156
2005,52.029734003792306,-0.4219304564361166,1846,5060,1536
2006,51.01507671550402,-2.3749976453620674,1838,5551,1595
2007,49.981940520313756,-2.430718085722649,1995,5235,2329
2008,51.59410655777922,-2.1941681508360515,1748,5493,1944
2009,52.33380832938234,-1.4095645111961417,1436,4071,2371
2010,52.661037381106226,-2.0845103571775727,1723,4127,2419
2011,51.235481707902515,-0.15556122894313873,1531,4238,1685
2012,51.401826216372186,-1.7582548635517357,1851,5826,1572
2013,50.72303059147604,-3.295892275595722,1691,5199,1747
2014,49.96210249331028,-2.142139845565851,1521,5622,1765
2015,52.566291405707936,-1.9665514653266245,1366,5204,1577
2016,51.524014870946594,-0.5823922810713382,1690,4214,1748
2017,52.335686606545444,-2.216745873472782,1547,5815,1908
2018,52.75492874588355,-0.7979344393040173,1943,5256,1937
2019,52.78757259973693,-0.9059142533767588,1204,5630,2066
2020,51.39438627774828,-2.520793422712063,1994,5778,1972
2021,51.57923942695044,-1.7944713145221036,1306,5806,2420
2022,51.19326358552835,-1.6196132047102993,1318,4101,2082
2023,50.11393193836535,-2.518214265220207,1387,4762,1961
2024,51.69494206201107,-3.340600610529716,1883,4254,1849
2025,52.6191786217323,-1.0054077402084367,1813,5692,1959
2026,51.25687804266668,-3.3101024366713085,1833,5827,1899
2027,50.29840675587844,-0.13339633243836868,1736,4038,1917
2028,51.34836714344788,-3.2078496412187714,1649,5753,2450
2029,51.387205375155325,-2.576762682440042,1523,4425,1837
2030,52.35087161012827,-1.2595256486636064,1714,5457,2276
2031,51.276987091087186,-2.524802574479102,1168,5718,1555
2032,50.58899135103037,-1.3545857413231488,1924,4084,2143
2033,52.7568645673416,-1.0487317063688422,1841,5522,1751
2034,51.55355402455157,-0.08401037804773681,1261,5518,2415
2035,50.871536769816196,-2.3858380718821377,1761,5407,1751
2036,50.44122677039155,-2.385119163710593,1737,5978,1942
2037,49.92595063932734,-0.9826268228812531,1697,4293,2277
2038,51.50972968965927,-1.7790608239006747,1734,4175,1573
2039,52.67875512737703,-1.0132114656871272,1309,5320,2100
2040,49.90961420131805,-2.4535665770262485,1455,4222,1720
2041,50.49178593155826,-1.78570442252276,1531,4301,2307
2042,49.94235451920983,-1.8532535358736972,1713,4329,1839
2043,50.746075094076176,-3.0983528712869504,1416,4141,1989
2044,50.20182680352963,-1.846426652177518,1013,4535,1654
2045,51.83725305360491,-0.8910575792781388,1984,5107,2410
2046,51.56965260848809,-1.6079119931075243,1793,4181,1619
2047,50.212829812205726,-1.7818684106907028,1332,4465,1970
2048,50.18173107640437,-1.2897968414214511,1095,4326,2094
2049,51.315356888491074,-0.1315816884327199,1023,4015,1902
2050,50.18541786302849,-1.6242180508859034,1394,4083,2419
2051,51.439851307115376,-2.86329065422979,1995,4744,1925
2052,51.4726163425984,-2.8738982464707816,1965,5934,1633
2053,51.96787245120375,-2.6473303497175973,1208,4386,1681
2054,50.58402469159594,-2.540149180114506,1848,4387,2294
2055,52.24756779083106,-1.8631063383213253,1213,5751,2181
2056,52.238450466354834,-1.9179973248269047,1849,5386,1901
2057,51.384857388109985,-1.0491588831724923,1763,5507,1830
2058,50.08169588178609,-3.0644000409243795,1099,5028,2094
2059,49.90365624604868,-0.810048007403779,1483,5716,1643
2060,50.975796514069884,-2.6178747641956246,1822,4159,1730
2061,50.99148631857046,-0.776688153588029,1181,4835,2361
2062,50.54026137135517,-1.8916147966927273,1676,4752,2398
2063,50.192991668517976,-2.6829226691756722,1760,4962,1675
2064,50.02484227795026,-0.8812189033252613,1091,4965,1650
2065,50.104887374145385,-0.5924455894218537,1532,4183,1520
2066,52.641051168273925,-2.7252860960787,1758,5732,2430
2067,51.674173702320495,-3.0442514924313975,1827,4264,2166
2068,51.778982865094456,-3.0445367194577324,1400,4732,1801
2069,51.85276771468368,-1.6064321253289824,1537,5710,1807
2070,51.480866235773284,-2.706778879093059,1699,4357,1618
2071,50.61839621143876,-2.2116437630443926,1401,5001,1842
2072,52.362392581815364,-2.4454386292856642,1164,5281,2254
2073,52.1703164207793,-1.483594372181594,1751,4684,2195
2074,52.57882011338279,-2.44525391086042,1324,4133,1983
2075,50.54408508068847,-1.6514586021696958,1370,5690,1727
2076,52.629205582971124,-0.7034353952932886,1118,5089,2343
2077,50.90449486162242,-2.6185394935616166,1702,5130,2249
2078,51.37909344439363,-2.36227220048474,1440,4549,1979
2079,52.44806818068063,-0.17299441551016592,1819,4340,1604
2080,51.5190360385868,-0.9936650242023295,1565,5940,1562
2081,51.5799071096246,-2.570279341294503,1033,5189,1707
2082,51.74281798782571,-0.019284589899314586,1540,5868,2341
2083,51.40884321909965,-3.3017240340466056,1641,4383,1981
2084,50.8992710837071,-1.6618973814952382,1240,4864,2169
2085,52.184270365740495,-1.30373221559999,1176,5120,1556
2086,52.11366201891396,-1.6228677133498641,1746,4575,1893
2087,52.34022064830611,-0.8905624995705441,1509,5740,2154
2088,50.101807037049014,-2.3653301099507815,1711,5186,1547
2089,51.610646652966054,-2.8926999938372218,1835,4942,2467
2090,52.59177670845048,-1.222004710557111,1204,4117,1518
2091,50.3329525140952,-0.17894164848652094,1106,4341,1987
2092,51.28530633702791,-1.38781725152017,1405,5032,1638
2093,52.23506795676511,-0.7788623674390434,1924,5459,1671
2094,51.03087804760213,-1.184820672172561,1609,5485,1542
2095,50.45509924094928,-1.51342440103435,1256,5712,1796
2096,50.68784134948836,-2.0952737379826702,1442,4774,2427
2097,52.274237853151405,-0.4096772233678143,1375,4832,1786
2098,52.745131365070954,-2.839854128796012,1983,4766,2304
2099,50.09053373128638,-2.876165060575624,1116,5178,1504
2100,52.25367113682632,-0.6042916305750485,1019,5238,2222
2101,52.163447891055476,-1.7422352928244424,1277,5729,1584
2102,49.96264416462049,-1.4370551555690383,1265,5499,2355
2103,50.39324015077023,-0.18829768551935677,1677,5403,2048
2104,52.61521452710513,-0.254438112702017,1674,4737,1715
2105,50.76698343647381,-3.3644249841506997,1008,5765,2154
2106,52.68215031529012,-1.0639952750040238,1755,4914,1670
2107,51.82268227002752,-2.058431279960679,1356,4021,1987
2108,51.44959073994072,-2.543647694974543,1196,5679,1657
2109,52.388730353936296,-0.8501125244341039,1941,5366,2291
2110,51.246893908527554,-1.5122671328870132,1680,5989,2291
2111,51.5310085167099,-2.128357332488953,1411,5292,1942
2112,52.65539994103163,-0.23088390113463708,1082,5092,2492
2113,51.23211736960431,-1.4171224121175219,1798,5391,1554
2114,52.33975885699027,-1.226184167759988,1422,4781,2007
2115,51.812648932488536,-1.4377762152836355,1082,5303,2341
2116,50.54288714408727,-2.4050988287551816,1707,4500,1844
2117,52.777759063979225,-1.8573833026219373,1313,5573,2420
2118,50.5622658537036,-0.31254052635809604,1562,4838,1843
2119,51.91481821052478,-1.5817882444661122,1335,4365,1933
2120,51.329840944457494,-3.1422351114589575,1443,4421,2166
2121,50.96660965915788,-1.8153834305747834,1080,5355,1851
2122,51.97699956729655,-1.6317337629695483,1553,5972,1983
2123,50.025743431546616,-0.4526445708694449,1199,5068,1914
2124,50.06251806982328,-3.1125001859750916,1787,5339,1801
2125,50.88564967325074,-0.7608932788614506,1097,4728,2283
2126,51.99309431667808,-1.9434213279516475,1193,4603,2161
2127,52.66950061874373,-1.1704415551388156,1483,4034,2085
2128,50.78084690850101,-2.0110901518906648,1368,5661,2328
2129,52.714625032669105,-2.252053071037496,1558,4349,1977
2130,52.48869740171323,-0.6393204496469393,1005,4528,2042
2131,50.76271997222708,-1.261083085056558,1822,4471,2389
2132,51.09001770842152,-2.2819176110598507,1809,5259,1988
2133,52.647508922897345,-1.4005872043512382,1740,4171,1555
2134,49.92954781498534,-2.0353908128996596,1714,5098,2292
2135,52.55547802189404,-0.1701420366172508,1282,4287,2366
2136,51.4390329637707,-1.2548502761600884,1797,5704,1982
2137,51.041019764967444,-3.0545696016867296,1516,5122,1853
2138,52.78370530179692,-0.958481504585627,1428,5866,2204
2139,49.905655525850214,-1.8586566178063213,1204,5599,1651
2140,52.229410397687616,-0.4078032680287911,1180,5554,2280
2141,51.79675191148826,-0.8405712004801136,1258,4867,2334
2142,50.02482826515799,-1.654761257089104,1732,4407,1701
2143,51.07110204058241,-1.4637045085785687,1635,4381,1983
2144,50.44159316878087,-3.1916287372707197,1376,4555,2425
2145,51.517440787775534,-0.2728670622161822,1782,5796,2120
2146,52.4657038941085,-2.927357761996322,1125,4663,2083
2147,52.605228069663646,-2.005187117530295,1577,4900,1606
2148,51.70619390195817,-1.7057609072102264,1146,5736,1805
2149,52.48972723472893,-2.478849378351291,1195,5652,1675
2150,51.04234899728542,-1.0577029548038785,1225,4681,1580
2151,50.69609185845132,-1.576205458350144,1442,4002,2101
2152,50.589317576164596,-2.9587579028246522,1372,5080,2342
2153,50.304297633973746,-1.1527852857160332,1975,5537,2357
2154,51.24207101824597,-0.1936472666314697,1004,4651,1573
2155,51.44316279238503,-0.6112258702739024,1309,4725,1901
2156,51.23024035975789,-1.6660022705212905,1208,4829,1698
2157,52.242155202523364,-0.06755667169575252,1985,4993,2049
2158,51.951473424953306,-2.7063423464115957,1271,5826,1631
2159,51.349566354594394,-1.1396880093784314,1252,5099,2039
2160,52.590742605493816,-1.4570004889473374,1841,5613,2441
2161,52.22973163065515,-3.075624502796204,1137,5368,2208
2162,52.34405031209203,-2.812883265876776,1584,5381,2126
2163,52.75762703679771,-2.7782174975789555,1471,5665,1852
2164,50.55271191626158,-2.695828361900842,1663,5595,1894
2165,51.32758769026425,-1.6793557468493463,1201,4170,1528
2166,52.010932640433225,-3.360304125899299,1557,5526,1559
2167,51.54100183573852,-0.3737464715556089,1600,5050,1883
2168,50.77879449430854,-2.2080297078701023,1720,5800,2473
2169,51.58997872851648,-2.33059276511554,1199,4947,1950
2170,51.66209277241071,-1.6699550071087474,1596,4357,2486
2171,51.71278421928227,-2.6917635746963375,1791,5498,1684
2172,51.535226173108605,-1.1171982401563114,1245,5418,2370
2173,49.91750506691809,-2.623943369682094,1902,4294,2316
2174,50.39938933229296,-2.2226932747770167,1820,5208,2099
2175,50.61228985356195,-1.7564378371401248,1203,5818,1576
2176,50.07990639387114,-2.738626687544415,1396,5390,1931
2177,49.93890891577423,-1.0244226870510222,1434,4395,2358
2178,50.217450545033124,-2.306081007610799,1461,4195,2348
2179,50.08926062444715,-0.6212990104035416,1664,5391,2441
2180,52.53728271050339,-1.7939254693397162,1273,4573,2000
2181,52.13560609477257,-1.2799448433604015,1491,4215,1952
2182,52.29245198625011,-2.6725155060221293,1726,4698,1535
2183,51.18623483721537,-1.5379259078200416,1626,5382,1856
2184,51.25641279756476,-0.8390027620047662,1077,4598,2330
2185,50.08287013408227,-1.8479014137032441,1021,4810,1939
2186,51.59955688685764,-0.31893242236961816,1730,4688,1950
2187,50.32216157989081,-2.671147175410125,1050,4026,2363
2188,51.39421130099899,-2.4715780533169616,1911,5505,2039
2189,52.487487889384866,-0.7605627475454622,1015,4363,2351
2190,50.73869320689401,-0.4690052373103737,1313,5333,1586
2191,52.78607770045842,-1.8993631673173998,1875,4793,2244
2192,51.9720828861613,-2.245155394243225,1684,4090,1959
2193,50.34262998560702,-1.9329800843739062,1234,5929,2177
2194,52.12062385729765,-2.450167573816726,1663,5594,2099
2195,51.34018432359661,-3.199149453000075,2000,5911,1901
2196,52.497031304250214,-0.3070144358725426,1004,4370,1672
2197,52.42964726025095,-0.7102994626504668,1516,5749,2210
2198,51.473512914129415,-0.5529724508285438,1834,5996,1593
2199,50.80940525817375,-2.431238394340597,1475,4547,1725
2200,51.46037554164227,-3.334732950785184,1231,4438,2307
2201,50.644701592202615,-2.1736371850432663,1996,5216,2273
2202,52.60378420785897,-1.261851682337222,1084,4468,2347
2203,50.545483773822355,-0.09746790716197351,1314,4556,1773
2204,50.446790300453046,-1.5534904757415349,1769,4853,2264
2205,52.70958440724386,-0.49186961328389467,1531,5932,1883
2206,51.739589228353786,-1.8539437557399445,1000,4603,1812
2207,50.546440795018256,-1.5985337595827391,1794,5116,1678
2208,52.40985566507614,-2.3822269298416545,1445,4804,1955
2209,51.35028760875638,-1.5010589482577799,1265,4550,2139
2210,51.68052237058352,-0.11531480491058055,1990,5288,1520
2211,51.92070374955791,-0.45191716189481035,1495,5188,1854
2212,52.1412304538148,-2.0398870015419095,1491,4151,2340
2213,51.15805659699806,-2.9452399816726715,1494,4661,2047
2214,52.36098092666031,-3.121613833924918,1545,5367,1875
2215,51.956305748498416,-2.8732096739564397,1769,5252,2035
2216,49.96379590929512,-3.0057495709925286,1639,4050,1593
2217,50.678561857572845,-0.19569495097715928,1973,4435,1840
2218,52.24588677671526,-2.1427175313239397,1420,5116,1666
2219,51.00910859714073,-0.34745573875635705,1627,4651,1549
2220,50.111477565901,-2.108980759513133,1648,4838,2232
2221,51.681262300068205,-2.428718704139323,1158,4589,1746
2222,52.160373525815395,-0.7756513581413831,1394,4736,1548
2223,52.396975353516886,-3.0424482480321897,1064,5737,2316
2224,50.81456205488954,-1.6898600804275496,1853,5813,1701
2225,50.16624032956944,-2.0996118018716694,1011,5671,2384
2226,52.563033406505454,-2.5464444957323566,1270,5023,2191
2227,51.70118398979811,-0.7760075794772323,1251,4671,1907
2228,49.93988126666377,-0.8510171912941549,1573,5332,1873
2229,51.99507124037566,-3.30421966932599,1716,4786,1536
2230,52.68949582016112,-0.12959169331661569,1595,5275,2387
2231,50.27930128822707,-0.08209681604270935,1394,5438,1643
2232,51.656306848340634,-1.0173750411997826,1295,4444,1966
2233,51.916583851972206,-2.321462859940848,1304,5808,1549
2234,51.43630160821481,-0.3578776559659955,1278,5799,2029
2235,52.49228528625498,-1.966110864322016,1143,4280,2287
2236,51.25189005919488,-2.652665338081629,1080,5652,1951
2237,51.58121815171748,-1.313875909891241,1613,5489,2293
2238,51.42779269332773,-3.211549682066464,1316,5703,1807
2239,52.4520132049486,-2.789720761760927,1726,4077,1539
2240,51.89043564356037,-0.308750384220307,1128,4262,2448
2241,52.67467947454399,-1.9997876333598232,1980,5997,2038
2242,50.74937843852038,-1.3585469764371312,1492,4326,2284
2243,50.79499266987358,-0.8121734518999051,1897,4038,1686
2244,50.117600849442304,-2.2191015982572724,1783,4032,2269
2245,52.59087809633152,-0.26757721723335504,1898,4832,2227
2246,50.3162272573217,-1.9645508808100483,1172,4143,2307
2247,51.55942404570075,-2.844069794918878,1869,4447,1844
2248,50.44683070231291,-2.9206821312052766,1838,4385,2064
2249,51.504017054046024,-1.7955267817994716,1182,4265,2285
2250,50.11990266038507,-3.0443273325757634,1076,5772,2055
2251,52.00336727189762,-2.179341084215024,1273,5616,1806
2252,51.382783983096964,-2.7072908129106086,1680,4075,2041
2253,52.64241786010052,-2.951817515835962,1520,5822,1864
2254,50.13678597997722,-1.570200050782225,1023,4812,2271
2255,52.184753949084744,-1.6158144585902685,1602,4046,1825
2256,51.1019575141238,-0.5541958829770279,1435,5314,2101
2257,50.18433459157871,-2.329024777437267,1522,5465,2294
2258,50.617399352821025,-0.19088337482268036,1539,5972,2345
2259,52.08722816779003,-0.7158993293487974,1968,5422,2404
2260,50.828204772805016,-0.516438615554236,1871,5957,1718
2261,50.129209424363765,-2.414693515627179,1072,5264,2285
2262,52.14997794430993,-2.693815035020688,1336,4118,2469
2263,49.95892821577822,-1.2677360537160114,1960,5430,1563
2264,52.33093182385712,-0.7550770464721128,1978,4518,2351
2265,50.52569488431112,-2.186571212269154,1862,4807,2045
2266,52.36887786703991,-2.0685850755001427,1546,5926,1567
2267,50.50630872417864,-2.1889361287516422,1577,5087,2208
2268,51.591918015469226,-0.814248670440068,1358,5904,2110
2269,51.288904524615994,-0.15064939283861412,1028,4853,2394
2270,50.18009870514978,-1.4871914018016499,1145,5000,1527
2271,52.061206390769925,-0.6073123446564725,1954,4320,1734
2272,50.749337736999564,-0.9605160873409968,1326,4778,2406
2273,51.63314423412782,-3.011939893305738,1554,5336,2032
2274,52.18078889131699,-0.8361722591659313,1349,5876,2334
2275,50.07326681984579,-1.67165620842399,1971,4618,1760
2276,50.99164624554439,-0.05972576387647299,1249,5208,2306
2277,50.34130193077426,-1.719485346515951,1369,5607,1683
2278,51.31051426045127,-2.406743962009358,1758,4389,2143
2279,50.134952159083866,-2.8111852130990003,1791,4876,1511
2280,51.93497931124683,-1.0287460742592107,1287,5845,1977
2281,50.6407888622641,-1.5789094636557954,1845,5196,1851
2282,52.69043599749079,-0.37329290647079416,1970,4657,1897
2283,50.724886121239464,-1.8385374692537708,1969,4282,1886
2284,52.1980419310872,-2.0699622926017787,1272,5445,2153
2285,50.55946724140268,-0.0792445162560318,1230,4115,1700
2286,52.180733104225595,-0.4046079643743834,1398,4153,2265
2287,50.82231380154021,-0.10318236617067278,1127,5516,2487
2288,52.53685438125162,-2.2956320829602834,1208,5443,2439
2289,50.35142214234735,-0.8225670486569054,1963,4047,1918
2290,51.297569433600344,-2.687505532055502,1429,4086,1743
2291,51.46319402862017,-0.25613073787721063,1919,5439,2073
2292,51.22511276342323,-3.0836252617158553,1889,5216,2008
2293,51.9836225126764,-2.2160863321466793,1924,5615,1568
2294,51.52511701642641,-2.320198922796999,1140,4068,1612
2295,52.238953139946396,-2.526409320859467,1554,5403,2245
2296,52.18293271075845,-3.1646254818203023,1857,4976,1678
2297,52.455484926923276,-0.02587847297140211,1261,4642,2124
2298,50.18440985538934,-3.3606719658078776,1769,5245,2257
2299,50.04755196458023,-1.195403122730661,1747,4659,2263
2300,50.21830765752685,-1.480727222474471,1251,5353,2060
2301,52.28338086760161,-2.885458162202251,1287,5569,1876
2302,52.4402243933787,-2.9402380521406144,1970,4700,1983
2303,51.3722633824766,-1.0849833762752672,1602,4725,2120
2304,50.612804764848335,-2.328090804524427,1405,5168,1779
2305,50.12675335186741,-1.770457167931254,1015,4242,2474
2306,50.29851729409417,-1.1291927270032858,1533,4679,2061
2307,50.544340036657566,-1.1463883804082888,1170,4222,1855
2308,52.05219886421537,-0.3034278796448837,1409,4514,2002
2309,51.9298121789965,-0.5503738903365432,1739,4013,2271
2310,50.64404832719978,-2.7001515729720467,1888,4134,2253
2311,51.08708439137727,-0.8111264124728921,1195,5900,1980
2312,50.92217882914123,-1.39249322147661,1413,5875,2090
2313,52.73238790009534,-1.5418536945836063,1128,4966,1928
2314,50.79795897459883,-0.5974860993749296,1446,5817,2164
2315,51.44464693333904,-2.364492053484636,1369,4694,2384
2316,52.14829042047567,-0.8630621311121387,1509,4157,2114
2317,50.59547797891361,-3.35593125473945,1204,4739,2083
2318,52.47109645468086,-1.7760728193041422,1093,4616,1798
2319,50.871500035576986,-2.4767989077983987,1495,4277,2275
2320,52.31121667293132,-1.8348804160894634,1859,4009,1635
2321,50.74096835130872,-1.7404737776134793,1592,5207,2169
2322,51.80402745880185,-1.549249322994262,1107,4054,1530
2323,50.940235226670886,-1.455457049020746,1806,4640,1750
2324,52.695218060212675,-1.9730877651950962,1577,4717,1811
2325,52.44790750049848,-0.9465934573117805,1176,5594,1849
2326,49.95640256052537,-0.16574054176390307,1621,5580,2083
2327,52.11901730859392,-3.39863824358729,1631,5688,1567
2328,51.62591682002084,-1.1860558560642391,1294,5602,1833
2329,49.95770320980752,-2.1545409506528372,1562,4181,1883
2330,51.1106249058949,-2.137172731316052,1732,5659,1502
2331,52.76894314135005,-2.3350215151181284,1598,5980,1785
2332,50.99709192441225,-3.27109166961936,1133,5231,2382
2333,51.7565761489422,-2.859912520954096,1739,5481,2138
2334,51.5293996618098,-0.05102645234732295,1689,4532,2454
2335,50.843749775958905,-0.017062535962278247,1120,5227,1918
2336,52.32852884241932,-2.758625675022297,1965,4580,1874
2337,50.864384612909014,-0.2671440414245825,1287,4602,2323
2338,50.76114688359434,-0.32497694721601667,1587,4902,1953
2339,52.22021188140624,-2.6629259166243013,1991,4009,2186
2340,50.19338207687222,-1.3074784421936654,1022,5343,1777
2341,51.21237238077711,-0.0032485222708755757,1594,5702,1628
2342,50.505024210601434,-1.2635163123972046,1862,5032,2471
2343,52.03769858472457,-1.0290102050336216,1221,5631,1695
2344,52.58013654120432,-0.31164372457651,1258,5998,2001
2345,50.84780501569915,-1.3107016842949237,1124,5669,2203
2346,52.54860700135205,-2.8758493377008865,1501,5240,2054
2347,51.235119610445956,-2.166777445810191,1347,4135,1794
2348,51.40867239582665,-0.42233080649360044,1055,5835,1791
2349,51.691147190488714,-2.1756659716050653,1928,4928,2128
2350,51.269219186916295,-2.8974855986281716,1169,5084,1713
2351,51.159699304484,-1.9893494353059085,1735,4779,2106
2352,52.65847004918966,-0.9377731984867821,1326,5123,1829
2353,51.05795004913294,-0.3959759095234969,1085,4733,1771
2354,52.152687979684785,-1.2210304497467668,1414,4003,2473
2355,50.3186812901602,-2.573200098557152,1783,4896,1510
2356,50.21178690688269,-0.6371332642803798,1055,5274,1705
2357,52.205132899607044,-0.2141264340961131,1338,5722,2128
2358,51.70839026387081,-0.6776067617137254,1633,5028,2350
2359,51.6662206610039,-1.9166026514836063,1410,5861,1686
2360,50.9608388047402,-1.3655202365847883,1905,5338,1821
2361,50.26201776938408,-1.4442389398149411,1060,5371,2375
2362,52.20083071814864,-0.3031942953427591,1559,5320,1906
2363,51.41150525089236,-0.2059112636592797,1241,4016,1871
2364,52.66210888771259,-1.3448264618700034,1425,5221,2406
2365,51.05993100219963,-1.9818514378809649,1021,5520,2124
2366,50.12958793470442,-3.3635419058587486,1953,5201,2126
2367,50.20357250984646,-0.9244237387564485,1061,5385,1744
2368,51.5135342160994,-2.688731765147412,1939,5067,2041
2369,51.838488353390055,-1.9707748991634353,1078,5316,2242
2370,52.20705828894586,-2.7917703579193653,1921,5704,2238
2371,52.10997413460053,-0.5017313999380324,1100,4866,1634
2372,50.35540203908853,-2.022027852496125,1322,4417,1718
2373,51.47098530139481,-0.0849054020270561,1744,4004,2473
2374,51.65445851500809,-1.5148234971904477,1591,5318,1908
2375,51.67838691075122,-0.42613170203345385,1970,5220,1588
2376,51.86519213971936,-1.4618391449207495,1672,4979,1628
2377,50.82120733194636,-3.2226857276787797,1340,5068,1719
2378,50.212442301239015,-2.4592108546924987,1694,5970,1783
2379,50.166364812302504,-1.5173119084080842,1555,4409,2379
2380,50.70698952956045,-0.5295374730396532,1787,5570,1541
2381,51.85281006730447,-1.8758778745782838,1769,4962,2444
2382,50.786931316942876,-0.2707738613265631,1023,4073,1975
2383,50.541764459586275,-0.7173912627867747,1632,5225,2255
2384,52.05065752415419,-2.4574625797495413,1226,5592,1689
2385,50.65457881485271,-2.9004580090793817,1705,5918,1533
2386,52.61870338506628,-1.6882699671950447,1719,4176,2095
2387,51.942050887965586,-2.8338360769757722,1735,4861,1528
2388,50.96036698485317,-3.37311495277833,1884,5436,2252
2389,50.668619713714676,-2.26324252489651,1424,4001,2172
2390,52.635661662942795,-1.8559503197803089,1445,5911,1735
2391,50.51934700738767,-0.37343720797085966,1739,4498,1684
2392,50.078409713978296,-0.07675718995691261,1918,5096,2400
2393,50.94473049497137,-0.2173514159414709,1823,4483,1780
2394,50.10173965927901,-0.5216689847587919,1096,5982,2035
2395,50.2563766133452,-0.2675930722645208,1971,4652,1541
2396,52.43226200503514,-0.4346131408690366,1601,4748,2305
2397,52.09422049149947,-0.93208615390308,1023,5711,2056
2398,51.910589441003545,-2.5147752005362762,1244,5936,1758
2399,49.904060280845485,-2.7530803018668917,1372,5913,1614
2400,52.24422444657792,-0.6696232318922966,1912,5613,2414
2401,50.23224059578684,-0.01897816666086305,1319,5481,1766
2402,50.148513895135814,-1.4589443187672277,1151,5226,2062
2403,50.4403046280564,-1.098593967349446,1497,4544,1728
2404,51.39443634757716,-0.7024644824159059,1054,4307,1611
2405,50.74470302767651,-0.8594646034163782,1161,4397,1942
2406,52.28969787057627,-0.023114137969237003,1009,4978,2231
2407,51.739558679065375,-1.7964075300815272,1872,5595,1691
2408,51.93038612775008,-1.152936194785339,1633,4048,1621
2409,52.43086973652229,-1.5363189307034644,1301,5475,2109
2410,51.18304813601949,-0.1721905993123869,1431,4402,2066
2411,50.432463408603006,-1.283221898828153,1159,5964,2071
2412,51.142778113068516,-1.5615898323934851,1689,5455,2075
2413,50.52078473657754,-2.260293093240592,1612,4292,1764
2414,52.20955243292563,-2.0180916214924656,1646,4463,1927
2415,50.83605658627043,-0.09877751197574103,1576,4565,1700
2416,52.561359043627434,-2.566971066370651,1036,4468,2482
2417,50.21634644966696,-3.298733365886504,1639,5754,1887
2418,52.79427723598706,-2.655772729281827,1886,5928,1852
2419,52.47823916171087,-2.6842053702003508,1962,5341,2417
2420,50.08933866434978,-0.24721471919851012,1627,4827,1910
2421,52.32013444422438,-0.4880566775671795,1015,5301,1538
2422,50.14913783923122,-1.6971067592052667,1868,4894,1634
2423,49.97439479963067,-1.6715928084924936,1418,5355,1614
2424,52.152667163448754,-1.1510402955747376,1407,4971,2492
2425,51.75527207354295,-3.377179808666959,1516,4073,2088
2426,51.58162585252897,-0.10540638407406444,1250,5218,2370
2427,52.69801116044044,-0.6213716303624963,1148,4174,2028
2428,52.64096593324397,-3.2454335205032208,1809,5136,2063
2429,49.90972986008995,-1.6158490613110041,1691,5482,1987
2430,52.55132606957515,-2.24962135486601,1201,5799,1835
2431,51.675308402798194,-0.0998517173601865,1157,5545,1515
2432,50.11376554044957,-3.028708082450412,1712,4551,1594
2433,51.517610865952086,-3.1411766608144474,1339,4719,2155
2434,50.393086470141135,-0.24848417076230556,1199,4341,1927
2435,51.802465755431875,-1.8338826189112991,1489,4383,1778
2436,51.79233590898818,-3.148559073633446,1559,4121,2332
2437,51.595034833850846,-2.984075553951025,1585,5871,2039
2438,50.03866815476131,-1.178463715403756,1360,4738,2242
2439,51.356980592895084,-2.709358486699748,1605,4375,2039
2440,50.68498573420132,-1.7311786835851715,1846,4831,2324
2441,50.71637303029451,-2.8266210755790473,1811,5850,2148
2442,52.008977513437635,-0.2943277212643016,1783,5434,2446
2443,52.74521555786979,-0.026180443126267328,1009,4806,1809
2444,50.60691241660682,-1.8793964445919114,1004,4710,1827
2445,51.554810223558434,-1.5694404612499886,1470,4884,2343
2446,52.49413962227976,-2.6165669830981613,1722,4016,2361
2447,50.471961687905306,-2.3750727263661666,1391,5151,2365
2448,51.94979673877464,-2.5860023410891353,1621,4835,1562
2449,52.273176506295236,-1.057329940274299,1822,4657,1637
2450,51.205194782581465,-0.743154825148507,1935,4487,1823
2451,52.194923557914805,-1.1165854675580151,1024,4233,1753
2452,51.45928408062109,-0.05706800630633291,1828,4176,2422
2453,51.373158603517076,-1.117550472692916,1134,4832,2115
2454,50.31526092976037,-1.6995996247090979,1824,5578,1763
2455,52.30879502665116,-0.41761615689676646,1391,4212,2127
2456,50.33519951135422,-0.9504974531915082,1522,4897,1543
2457,52.314392388083306,-1.1834275639030056,1398,4751,1531
2458,52.69189772847568,-1.8688258202176025,1470,5258,2364
2459,49.90980871800925,-2.874197947609767,1905,5233,2125
2460,51.75530940003009,-2.8867805072309065,1506,5302,1596
2461,50.27682468870017,-0.651373749373386,1909,4243,2134
2462,50.15863476776631,-2.2548444193441615,1863,5137,2232
2463,50.72281725064679,-1.9341850303040835,1365,4058,2182
2464,50.51510185829153,-2.5568666525313137,1323,5025,2348
2465,51.31066925558414,-1.04871341491565,1619,5121,1711
2466,51.47253154610406,-0.5040170672559205,1396,5346,1736
2467,51.934788738976586,-3.2982990072179237,1259,5810,2184
2468,52.081341352226005,-3.389022548549845,1497,5471,2247
2469,50.58201660750598,-2.313653761291098,1782,5491,1798
2470,51.36853165864328,-3.0997333957880273,1534,5101,1597
2471,50.2830939022702,-2.898904863668638,1518,5875,2409
2472,51.299954733649685,-2.335194541870964,1496,5407,2213
2473,52.39057510467839,-1.6862964625780807,1252,5623,1928
2474,50.60805877226411,-0.9399723930909083,1467,4722,1594
2475,50.03023684750563,-0.17967666243762448,1679,4506,2133
2476,52.513789670009245,-2.732523034910567,1527,5537,1821
2477,51.397866426656236,-0.4197924971243503,1204,5916,2257
2478,51.1793884115639,-2.224005794196761,1925,5556,1682
2479,51.58071603982733,-3.398727844798219,1870,5775,2441
2480,51.09392630862958,-0.04620300477036121,1753,5658,2478
2481,52.642301134720846,-0.18226009589079029,1243,4486,2077
2482,52.4469773580867,-1.3537778150419628,1610,5710,2069
2483,52.636601757039045,-2.2478371469733487,1753,5180,1979
2484,50.18232778059217,-1.7057865129054335,1713,4560,2266
2485,52.08344438259542,-1.1353591788167026,1266,4059,1995
2486,50.48893779258685,-1.1699472742963737,1204,5037,1801
2487,52.12499297008131,-3.2989390127162306,1942,4618,2470
2488,51.551054033557,-0.14821744585229046,1318,5310,1636
2489,52.572785980068474,-1.2857420742509724,1592,4165,1932
2490,50.18730799968024,-2.9329517822258953,1031,5103,1909
2491,52.364163228113284,-3.2402485974801016,1808,4250,2209
2492,52.15676713725432,-2.0165732228628133,1867,4609,2498
2493,50.96366924984455,-3.26713369999341,1397,5509,1640
2494,52.093582279268034,-0.7661038468005361,1278,5838,1919
2495,51.578130206856,-2.3878856829393484,1989,4915,1949
2496,50.703831770888435,-2.6322016528267635,1590,4065,1534
2497,49.95004040917083,-2.2912874615465952,1400,5377,1616
2498,52.18332444186414,-0.025876637457554086,1353,5603,1506
2499,51.50467830085786,-1.3000519289093377,1625,4343,1531
2500,50.67169535968812,-1.527675753143823,1833,4310,2235
2501,51.05614041893209,-1.648719422419523,1379,4864,2200
2502,51.08953606881784,-2.0783901709553856,1977,4487,2053
2503,50.719042306235124,-2.7403199850493674,1175,4024,2487
2504,50.446981532651805,-2.225408707700974,1060,5455,2182
2505,51.398146040165344,-0.3766098716047379,1002,5478,1765
2506,52.56214150024824,-0.4627978330985423,1457,4390,1755
2507,50.87198746933617,-1.344491041423579,1252,5881,1573
2508,50.72994821996834,-2.0424688494173635,1557,4736,1925
2509,50.32697126618608,-3.2234640105560914,1369,4833,1786
2510,50.51807557527047,-1.07976847036606,1118,5144,2459
2511,52.667998673350354,-2.6246623114107397,1718,5784,1981
2512,52.7613350057091,-0.45934071949666544,1906,5504,2287
2513,50.066043927912034,-1.5929809242901851,1441,5997,2482
2514,52.1584016492692,-2.87358072498894,1582,4605,2394
2515,50.46076925118666,-3.276439856625578,1727,5433,2161
2516,49.96853115637381,-0.13204857000040793,1159,5359,1829
2517,49.92124882155723,-0.32618233173915456,1177,5870,2157
2518,52.27379333934084,-1.4064473928752006,1040,4650,1576
2519,50.129260810274495,-0.36967347760864566,1668,4130,1942
2520,49.97432164364545,-0.6536769775653051,1727,4555,1872
2521,52.314625528227104,-0.814360360855332,1849,5748,1799
2522,50.49188061558871,-0.2014125843688679,1633,5645,2328
2523,51.979263077750495,-2.2355317338325147,1545,5260,2425
2524,50.415731020889794,-1.8290478476917296,1859,4505,1764
2525,50.5853286948903,-0.8117353222337682,1650,5323,1917
2526,50.044159854300574,-3.2857529687809737,1690,5927,1909
2527,51.435275094385055,-0.9644217594619202,1150,4895,2263
2528,51.880171027870624,-0.00258645653135936,1007,4802,2261
2529,51.57250851728163,-1.3268618191329007,1348,4167,2084
2530,51.057905135568895,-1.0456124973913554,1498,4077,1650
2531,52.66137351273531,-1.9601423255205601,1493,5220,1855
2532,52.76496607624692,-2.967421176136949,1187,4570,1619
2533,50.26101830469251,-1.0268460089595473,1881,5026,2019
2534,49.9003089736685,-0.5443520516727189,1044,4045,1676
2535,52.38247507916262,-0.5449385664601198,1852,5610,1538
2536,51.13480076793581,-1.6717199201622828,1852,5194,1791
2537,52.70326675776093,-3.2830477403450686,1292,4532,2442
2538,52.001222438243865,-1.4803529689441028,1244,5576,1983
2539,52.38247262197588,-1.6579956680740642,1070,5830,2187
2540,52.10626148887497,-1.0379747457005153,1276,4004,2490
2541,50.74963627820247,-0.15256982070847558,1284,4866,2409
2542,52.298805734449296,-0.9085858894598151,1031,5367,1661
2543,50.24972593138211,-1.5661986511021344,1351,4607,2218
2544,52.18772824775849,-2.522726336977612,1179,5346,1919
2545,51.46252012320573,-1.7418124835178332,1787,5999,1791
2546,52.585059274826776,-1.7521205755139533,1648,4140,1980
2547,50.11926371212595,-1.5273973924878175,1670,4834,1976
2548,51.64277341348187,-0.4463082834839742,1394,5222,2345
2549,51.14366390454391,-0.2437886817074082,1541,4435,1877
2550,52.03001941931431,-1.8549674674940355,1433,5766,2291
2551,51.6253679930325,-2.684214938399672,1949,4154,1541
2552,50.03804149719954,-0.583417718297885,1658,5009,1848
2553,50.55687223485723,-0.7835219532606796,1263,4694,2356
2554,50.19697208428037,-3.2573043124202306,1376,5329,1660
2555,52.740262480451975,-2.9851993212202395,1627,4270,2275
2556,51.09892036076991,-2.2295411753239787,1082,5510,2036
2557,51.55571187573848,-2.5539179426989413,1716,5701,2197
2558,50.40644590687364,-2.270248097933104,1166,4319,2418
2559,52.22304768368635,-0.235850438966001,1180,4715,1881
2560,51.821855698763684,-0.5799137107345205,1623,5288,2462
2561,52.51078774915878,-1.57767201169348,1011,5637,2142
2562,50.18331495900776,-1.778983911366346,1447,4348,2467
2563,52.18897635826901,-2.957567775273475,1552,5304,2044
2564,51.03164310770526,-1.6451702836687618,1951,5742,2444
2565,51.524218031191246,-0.8218576816793952,1341,4675,1774
2566,51.07216190061735,-3.399689217849935,1758,4602,2479
2567,51.19812805983757,-2.8728323183709836,1983,4019,2021
2568,50.0190113064589,-2.0134184933020607,1491,4632,1503
2569,52.186422110049214,-0.18627015664323876,1465,4336,2308
2570,50.213301343920854,-0.9244841789770253,1713,5141,2451
2571,52.79408792080863,-1.1387464856376104,1510,5070,2084
2572,52.1480859764704,-0.45108843167204693,1699,4713,1835
2573,52.20517986737921,-0.9682345573064719,1818,4096,2118
2574,52.032974109664565,-1.4624154831871443,1885,4615,2139
2575,51.504573493547404,-3.221105306119898,1867,4071,2399
2576,51.65875887170217,-0.2776266001823431,1625,4780,2014
2577,50.85304693873835,-1.7039935275972526,1059,5521,2474
2578,52.20192562654074,-2.7239625150415945,1760,5367,2164
2579,51.137864199354574,-0.7368298717312469,1251,5656,1840
2580,51.118345971542155,-2.0258174161274343,1160,5207,2121
2581,52.38369628684645,-2.8170895238450857,1817,5918,2444
2582,52.7632132555152,-0.4473781689398968,1324,5601,1623
2583,51.55873815571365,-0.6915411191146097,1017,5378,1713
2584,51.34670583613668,-0.9598275910005052,1269,4328,2161
2585,51.10949826968426,-0.0956727323566402,1904,4815,2339
2586,51.64755558389123,-1.874522500333737,1278,5797,2366
2587,50.983578899259925,-0.17468817645953916,1247,4942,2183
2588,52.59068401994068,-1.2361687792149207,1898,5165,1503
2589,52.00744988320008,-0.4230812189327704,1966,5546,1841
2590,51.351272965104314,-3.319312881440694,1485,5768,2485
2591,50.99759204918799,-1.5607489201622866,1388,4485,2388
2592,50.76229486496457,-2.75750292465187,1790,4909,2124
2593,50.97995674194012,-1.0563344595077142,1755,5655,1870
2594,52.3916501273249,-1.0555554648864605,1798,4997,1981
2595,51.060631424953165,-2.4944034766075505,1100,5925,1791
2596,52.77921371382308,-1.0840172330114637,1274,4908,1707
2597,51.58395762425758,-2.891955727392896,1622,4929,2270
2598,52.77116591137584,-1.3944102000231653,1152,4279,1933
2599,52.08870726932426,-0.2227867934819523,1774,5372,1910
2600,50.5804089727375,-1.2156360529285126,1635,5937,2049
2601,50.907584349182144,-0.2332975390113452,1133,4779,2143
2602,52.523608288387635,-2.6966080422135397,1666,5138,1726
2603,50.784113087549464,-1.5207860335121683,1155,5466,1528
2604,52.64743407343657,-2.931263565777986,1705,4359,1906
2605,50.472495654177294,-2.0108821366509675,1057,4468,2432
2606,51.55621806790407,-1.1015508581776756,1894,4347,1523
2607,51.783609729876076,-0.6513388365328971,1004,4347,2006
2608,50.04789711531369,-3.383551045715439,1284,5024,2229
2609,51.32828526551691,-0.07720809142434382,1267,4105,1877
2610,51.09861365354492,-2.1997918999682984,1958,5570,2335
2611,50.85675216054792,-1.4530763802714879,1296,5802,1585
2612,50.752455997350665,-1.2883178513709033,1669,5745,2289
2613,50.436387974316524,-1.9941745218885634,1465,4587,2355
2614,52.2234721893114,-2.52307742442279,1761,4886,2464
2615,50.121293245301715,-3.0991668736891045,2000,4356,1990
2616,50.45335732630426,-1.425938119699027,1156,4201,2018
2617,50.167645535144075,-2.9638389432683043,1302,5095,2373
2618,51.02360712336802,-1.4091131749284656,1418,4518,1777
2619,51.04639997237825,-2.91923610289603,1617,4421,2286
2620,51.35097577030425,-2.032337395676567,1698,5851,1903
2621,51.20130352235805,-0.8223596225756871,1427,5055,1802
2622,50.51719125165704,-1.6388287498552743,1072,5708,1886
2623,50.929116223183705,-1.4596699940090763,1739,4004,2429
2624,50.52985313719202,-2.0670552867969754,1352,5925,1747
2625,50.27126103897174,-1.879811601715976,1262,5695,1707
2626,50.73377321618974,-0.6883900059609109,1849,5085,2241
2627,52.44952642126596,-2.313774995216451,1228,5227,1714
2628,51.85316632290433,-0.5502924149597006,1525,4146,1577
2629,52.69591027532541,-2.1617012915995466,1000,4612,1549
2630,52.0607730121261,-0.390171852150349,1782,4232,1711
2631,52.61852828400842,-2.4243454267559996,1048,5942,1915
2632,50.045437167709075,-0.462777133448276,1361,5528,1505
2633,50.419550959661116,-2.951014212873057,1253,4338,2235
2634,50.17649252364823,-0.009444192264715046,1615,4401,2059
2635,50.688136959430224,-2.55253056551848,1896,5450,2199
2636,51.92718915344924,-0.6057559829937889,1108,4059,2348
2637,50.80971708864927,-1.3667580179504726,1836,4158,2033
2638,51.3212825288758,-1.4850706325111602,1758,5725,1880
2639,51.23406379986957,-1.5149343844820096,1204,4821,2040
2640,52.373563338240636,-2.7450392848645078,1708,5308,1916
2641,50.96416312348677,-0.9306751684787073,1001,5336,1501
2642,50.15859255318863,-0.38189905543384395,1031,5677,1777
2643,50.17222617672535,-3.3913072462550473,1545,4382,2311
2644,52.74212544010167,-1.8017783145078845,1541,5313,1943
2645,52.322462909846195,-2.86832787345187,1715,4950,2445
2646,52.585211685074256,-2.6755432074549974,1114,4345,2294
2647,52.3294806637111,-0.9981101225668301,1294,5306,1603
2648,52.088477678529046,-2.317323357691212,1420,4603,1517
2649,50.90248420202866,-1.7196563311010318,1429,5632,1868
2650,50.01133193238755,-0.2012968816511309,1091,5823,1564
2651,52.47919424767305,-0.04714726451233542,1402,5062,1597
2652,52.33441470633751,-0.8278267264429817,1252,4285,2119
2653,52.11424726403921,-2.6685248821059826,1117,4535,1801
2654,52.10508874956077,-2.4238168052255116,1264,4452,2068
2655,49.94693777303488,-3.1677996170183595,1632,5476,1853
2656,52.4593935050883,-2.903536265868756,1013,5527,1692
2657,51.88532490243556,-0.3694151191180217,1396,4211,2204
2658,50.26858237412669,-0.51800378015073,1049,5876,1907
2659,52.21497669432556,-0.2722922547420521,1103,4385,1583
2660,49.93374676471973,-3.141908889781139,1135,4649,2068
2661,52.00712207463674,-1.7123595985212852,1037,4189,1757
2662,52.722984497461155,-0.5483063147622387,1349,4619,2285
2663,52.68021151673845,-0.9471038691424023,1961,4357,1903
2664,51.64032159307776,-1.5216411597645698,1093,4476,1580
2665,51.799321790714956,-1.5448405081871661,1481,4572,1969
2666,52.34729996980255,-1.2972734445430372,1047,5032,1712
2667,50.548209523597215,-3.1824462427748794,1325,4646,1930
2668,52.48386838478334,-2.155129253149674,1369,5788,2234
2669,52.3489797579288,-2.757423532254025,1705,5354,2003
2670,51.48340666617864,-1.4981027900435606,1725,5517,1654
2671,51.598894503656325,-2.355687228492898,1010,4386,1821
2672,50.112648172004704,-1.0772997408287912,1985,5521,1921
2673,52.660972406038866,-2.8661675335014216,1543,5054,2435
2674,52.07105505332955,-0.9055018912259798,1039,4065,2375
2675,52.17052555131756,-2.339528481989781,1047,4552,2026
2676,50.908023496331055,-2.0209853693823465,1040,5107,1672
2677,50.34625965268068,-1.0276830718305532,1362,4904,2431
2678,52.77685661501859,-2.3391968508518097,1903,4922,1755
2679,50.87377319831727,-1.8749469543355752,1589,4640,1835
2680,51.87388753848145,-1.1631116403081458,1655,4857,1882
2681,50.69910194023672,-0.34524679720676055,1118,4941,2032
2682,50.750511835871734,-0.3283710209738895,1333,5263,2398
2683,52.048976412019414,-1.5111516922988781,1745,5816,1862
2684,51.69840114992529,-1.5946921462725832,1889,4527,2284
2685,51.55448687324659,-3.2581006705053293,1015,5814,2146
2686,51.935715993720194,-0.14541118617526205,1561,5166,2403
2687,51.032071679631855,-2.020412387804095,1069,4165,2083
2688,51.551473434575854,-2.1585837257576825,1409,5846,1853
2689,50.90798931287117,-1.2938795825392448,1973,5852,2242
2690,51.14664270053085,-2.93137950283535,1947,4987,1730
2691,51.96812575762809,-1.4659105622948851,1757,5125,1650
2692,52.189438457624995,-0.3746594724929402,1027,4716,1691
2693,52.74753154217228,-2.911639965395897,1611,5886,1685
2694,52.287660453986874,-2.762178044768461,1143,5561,1978
2695,52.46194657080219,-3.1311442770189544,1693,4115,1551
2696,49.991619056967565,-0.47724180251396175,1402,4043,2137
2697,50.16464536643116,-3.2517674874474634,1760,4454,1533
2698,51.33118902412734,-0.9716043462565023,1415,5930,2483
2699,51.40349873925025,-2.4717174402406585,1576,4640,2078
2700,51.165420099725985,-2.7593129229834443,1796,4024,1682
2701,51.97020903770763,-1.7454856859057064,1632,5889,1796
2702,50.60131742939584,-2.310755664492677,1440,5537,2083
2703,49.90121116979791,-1.6858338231224514,1412,4194,1894
2704,51.988847049843265,-1.1793658714718678,1728,4805,2230
2705,51.59099123645447,-2.9444874867447552,1516,4911,2489
2706,50.68265918215527,-2.6879869905841134,1114,4897,1989
2707,50.62427049198555,-1.4096062834276804,1896,4205,1554
2708,51.871276606786736,-0.37470323545656736,1768,5530,2236
2709,51.84583919339013,-0.30885946002615716,1351,5478,1811
2710,51.98419125980089,-1.7440278999173944,1882,5474,1979
2711,51.8886672674501,-0.4950664209575111,1130,4223,2293
2712,51.554651411178334,-2.287351258662521,1121,5976,2331
2713,51.682602101521084,-2.6260670988733237,1915,5647,1624
2714,52.47651912196723,-2.9559799366116106,1513,4335,1705
2715,51.29411004443582,-1.7293782351320504,1920,5728,1664
2716,51.20902737146147,-2.2247908169093034,1420,5214,1856
2717,50.575964786360544,-2.0003250714242924,1927,4876,2447
2718,52.61541690587723,-0.4069236301850556,1502,4547,2307
2719,52.008535775163224,-3.2141218007292176,1037,5808,2471
2720,51.15336452499087,-0.5694122213774828,1561,4613,1705
2721,51.75339778840429,-3.103980848590318,1129,5954,1778
2722,51.80563704144166,-1.2077253561461094,1370,4254,1572
2723,51.85705080901846,-1.093666985999533,1185,5974,2177
2724,50.42067012597438,-2.057885430371237,1973,5958,2115
2725,51.41342202266282,-1.3198031420400969,1775,5390,1634
2726,50.38269805403338,-1.9371941905496066,1174,4725,1727
2727,50.38818365041893,-1.6158275154848678,1695,4153,1832
2728,50.4654586129172,-1.4715036370008618,1551,4323,1564
2729,49.98991169485412,-2.7461761175750086,1648,5064,2231
2730,50.539533395938925,-0.018211702769111326,1133,4292,2495
2731,52.20332990304434,-2.673925509046422,1990,4637,2035
2732,51.348009355828786,-2.376579972745714,1115,4267,2295
2733,51.36450570078509,-2.596032786480869,1012,4948,2395
2734,50.51190501034415,-2.2513555879203153,1232,5159,2396
2735,50.052307896332316,-1.8688451325864195,1167,4833,1817
2736,52.515816540403314,-0.8291678267924825,1617,5597,2276
2737,52.44370856644415,-1.7955133367996732,1007,5709,2423
2738,52.140799259252475,-0.11335987788883672,1258,5735,1818
2739,51.78872066008432,-2.3606673703521768,1637,5217,1708
2740,51.29853725737629,-3.0586461927761333,1078,5050,1820
2741,49.91312970459309,-0.8222065676983634,1318,5780,1944
2742,51.909159552078336,-2.4117615898040325,1138,4120,1604
2743,51.95310380151671,-1.5241938157033688,1835,4933,1812
2744,52.491838823657005,-3.1657905104994857,1435,4299,2047
2745,50.605221617407594,-2.435016374754291,1228,4597,2416
2746,52.42370284446299,-0.5438617895453932,1687,4559,2024
2747,50.780458231629304,-0.969966691721841,1814,4578,1833
2748,51.537000563219586,-2.9969467227934263,1127,5132,1534
2749,50.16665031875096,-1.4784159335328624,1693,5090,2114
2750,50.73578807060644,-0.602946133563083,1390,5293,2300
2751,50.45908160750704,-0.34900634670191266,1289,4147,1591
2752,50.42693844923472,-0.9122145613197521,1599,5507,2230
2753,51.272457403110856,-1.740294918883767,1871,4302,2233
2754,50.974233899152786,-1.9506567796454666,1332,4821,2142
2755,52.123711452750904,-3.0247261638662977,1775,5824,2407
2756,50.40471821392294,-0.7912821231221474,1502,4000,2300
2757,52.40836457883768,-3.3575029374696657,1031,5559,1971
2758,50.01328334629973,-2.5296386974889455,1801,4702,2099
2759,51.799676093271586,-2.6435911695936776,1295,5370,1628
2760,51.17120023220142,-3.04159839191963,1520,5401,1564
2761,50.73583683996924,-1.719792486089228,1511,5214,1731
2762,50.156258121958295,-0.5269515785961012,1926,4314,1880
2763,51.28229779386549,-1.6885413201139279,1170,5952,1859
2764,51.651113513510715,-2.6113610284564936,1126,4539,1933
2765,52.71641522851706,-2.4025660439876284,1226,4578,1513
2766,50.008506823571466,-2.3136662103847963,1817,5689,2233
2767,52.287124114627716,-0.20939196096489576,1310,5808,2120
2768,51.68474501922908,-3.1544631751986616,1569,5241,2273
2769,52.221366447204524,-3.056056779176769,1907,5574,2374
2770,49.9662542047545,-1.8817366721566158,1031,4044,2009
2771,50.60751661067937,-1.490769110009075,1144,4257,1864
2772,51.62862354643423,-2.5366377719596724,1769,4248,1773
2773,50.54661001087096,-3.22560069466995,1570,5561,2268
2774,50.9885246057187,-1.853859014978389,1079,4703,2141
2775,52.226800540809094,-2.7605216364915752,1253,4044,1971
2776,52.21370715518563,-2.1471461387925004,1127,4957,2163
2777,51.7823162016305,-3.331519248012441,1159,4075,1656
2778,52.02011668058862,-1.0715739697960673,1585,5421,2414
2779,50.7508789856825,-1.7574934873523267,1005,4820,2436
2780,50.819146235122496,-3.1282932875928164,1600,4645,1598
2781,50.63456505127139,-2.0803409222530904,1965,5123,2496
2782,50.16586421303994,-1.2370346435367954,1041,4807,1908
2783,51.868771753340624,-1.7527196635549227,1634,4597,2347
2784,50.33643368565472,-2.1601807597760536,1631,4189,1967
2785,50.54959197848933,-3.2142333971317156,1571,4110,2303
2786,51.24207579729752,-3.3070814532734305,1711,4190,1883
2787,50.73366590365773,-0.20555255664889982,1672,4206,1522
2788,52.453565272421685,-0.8415804194150969,1394,4570,1642
2789,51.68634782996492,-2.678065460269944,1972,4285,2408
2790,50.5360829452996,-2.3335884675804914,1796,4380,2462
2791,51.07950688466487,-2.0107603788786497,1715,5295,2352
2792,51.719118983272516,-2.19073104803386,1902,5836,1803
2793,51.14630666584318,-1.2822216107995104,1955,5112,2367
2794,52.49294003339044,-2.1353107495237387,1644,4579,1516
2795,50.25555439437181,-0.7157563717576996,1007,4539,1877
2796,52.35359107893022,-0.6117986976647183,1376,4621,1517
2797,52.74742715884501,-0.4459138733643231,1003,4887,2118
2798,52.294419237048054,-0.1820838977907604,1089,5920,2301
2799,50.65417133755695,-1.8971258250234113,1469,4805,1582
2800,50.47522684166674,-2.995131692420899,1451,5637,1511
2801,51.7902986108015,-1.9993819252201974,1636,5170,2012
2802,50.14754126838978,-1.0731834123459918,1498,5367,1511
2803,51.54005411407649,-2.4317061755463922,1163,5631,1540
2804,51.00924379688904,-0.8786847639386002,1679,5007,2308
2805,51.772062700723176,-2.492342495173919,1276,5966,2381
2806,50.64520096256528,-2.841468424929263,1408,5694,1750
2807,51.904226868230715,-2.9502069053165076,1660,4980,2331
2808,51.320379493945815,-2.2102729586372765,1279,4068,2153
2809,51.55045613840584,-1.7894265574153938,1844,4937,2078
2810,52.197351167909154,-1.5192769223961988,1345,4795,1603
2811,51.34505504735116,-2.7482833232520503,1636,4027,2297
2812,52.795065934794316,-2.7460716060813435,1797,5341,1674
2813,50.79937806441259,-0.8322916616304581,1668,5007,2438
2814,50.56099055466923,-1.6361563320616992,1920,4822,1672
2815,51.479862398853136,-0.4831938486548637,1484,5617,2072
2816,51.732955775136595,-1.558400207365093,1457,5097,1640
2817,50.78654579717937,-0.25849170001551913,1068,5658,2254
2818,51.28837016655324,-2.864177910855471,1781,5479,1975
2819,51.98637891959367,-1.6957632493386687,1605,4323,2292
2820,51.8923142005312,-2.169105093161987,1242,4203,2242
2821,52.12187653632441,-0.7695078963000319,1080,5013,2436
2822,51.62235330215509,-1.8209862542560233,1349,5825,2301
2823,52.22249182538843,-0.632795661625063,1447,4249,1832
2824,51.692270543950144,-0.23441148231646602,1008,4922,1532
2825,50.457389513007506,-2.54048400606231,1138,5587,2093
2826,52.481789069678975,-1.9736900955522623,1209,4277,1987
2827,50.576919999017065,-0.9569328455246016,1920,5161,1586
2828,52.722307829439785,-1.024718109423112,1275,5737,1871
2829,51.98319022646565,-1.3515568099640696,1209,5392,1740
2830,52.56991946216172,-1.78042781378833,1382,4957,1719
2831,50.00321462109673,-2.539289089782761,1050,5365,1509
2832,52.24005113688477,-0.9054599670286931,1221,4242,1651
2833,50.33742086153653,-0.4061248783333533,1196,4956,2281
2834,50.08809081420407,-1.8471054363069885,1685,4005,2253
2835,50.68834323809581,-1.7104982516411942,1336,5322,2433
2836,51.42479016023807,-0.29221361803205115,1671,5316,2193
2837,51.93870934272791,-0.3319223869246737,1675,5693,1640
2838,51.46141466270262,-1.9906628233681263,1949,4696,1912
2839,50.08831821216022,-0.5987268581951959,1682,5738,1892
2840,51.18008542785577,-0.5485003316607244,1073,5229,2024
2841,51.17202825076269,-3.1426280627254863,1850,4686,2372
2842,52.099871621754744,-0.5832633188926306,1024,5324,1952
2843,52.241169132423984,-2.7987492848966102,1431,5250,2447
2844,51.991326695040655,-0.8625842334674734,1113,4908,2071
2845,52.17963103490878,-0.5003588789266207,1586,4693,2406
2846,50.7094570454199,-1.6189330528654038,1761,4610,2453
2847,51.32482358024965,-1.853368779571965,1841,4519,2109
2848,51.101257979478035,-1.949092712607077,1735,5487,2020
2849,50.5077061774115,-2.612462011968179,1086,5237,1589
2850,52.485742601807274,-0.09236253769365943,1847,4988,1848
2851,51.68144196064899,-1.7337221732469168,1166,5596,2326
2852,49.96057114344816,-0.6488807204644611,1122,4985,1939
2853,52.493659056331296,-1.736886952317811,1450,4312,1978
2854,50.12769177623784,-3.255299995377342,1031,5792,1906
2855,52.67913169950088,-0.7273814496424653,1993,4607,2418
2856,51.62679564916897,-1.6145542682007394,1669,4041,2301
2857,50.076704469759434,-1.236803900864758,1157,5906,1745
2858,49.972095354752,-0.8791264315500111,1104,5133,2245
2859,50.06325245122151,-0.0719130182459824,1694,5921,1642
2860,52.25438190952181,-2.8816219576932025,1187,4135,1711
2861,50.18355793689437,-0.9696015035146197,1433,5192,1858
2862,50.97588126834858,-0.38275596602280704,1033,4365,1510
2863,52.20765155954001,-2.2435994010504414,1647,4850,1690
2864,51.20939138705454,-3.2633827879186685,1720,4477,1751
2865,50.08979925446481,-2.667515511350942,1281,5028,1834
2866,50.485265305376046,-2.335004290903615,1818,4959,2237
2867,50.586740173004,-0.37560126727418686,1316,4187,1709
2868,50.66315592857945,-2.165100533402371,1471,5144,1586
2869,50.40070817730693,-2.185279818897069,1297,5227,2187
2870,51.493204895106146,-3.3707435286619982,1818,5879,1880
2871,50.65937514275683,-0.12179009472095359,1299,5372,2469
2872,52.577947058624055,-1.1192851643315933,1555,5340,1818
2873,51.016760620688174,-1.5194564232905095,1435,5264,1585
2874,52.43607891590271,-2.7989091037084206,1724,4008,2285
2875,52.26547411015483,-1.8079799741829274,1823,5372,1529
2876,50.33035600491227,-1.2937662764799267,1890,5667,2389
2877,51.83285253877996,-0.6722199232649624,1815,4424,2161
2878,52.01119801557968,-1.0524091674509113,1347,4993,1646
2879,52.08716954868983,-0.6495990227479429,1752,5533,1988
2880,52.31414119366055,-2.4886916630503917,1567,5363,1578
2881,52.01846520576088,-0.9435694178801861,1558,5493,1820
2882,51.73295564521043,-2.6476875927831838,1683,4757,1888
2883,51.81297401351078,-1.4302374843524848,1647,4464,1641
2884,52.36592224397738,-3.1307014638149027,1134,4195,2129
2885,51.42662287896259,-2.75799708315207,1439,4883,2426
2886,52.24890089900798,-2.3342285297162233,1238,4843,2480
2887,52.384195297866995,-3.3518082712864055,1307,4281,1769
2888,50.46676428829426,-1.549136719157064,1050,4835,2212
2889,50.81918890680073,-0.8954399789999403,1263,5151,1533
2890,52.64089116985012,-2.537672971871391,1737,5748,1553
2891,50.36366601544929,-3.349022641621691,1083,4141,2100
2892,52.08010133491412,-3.2676262396909577,1995,4781,2159
2893,52.363080128159126,-0.4736104988842933,1593,4463,1580
2894,50.92418379123238,-1.5447514839688903,1955,5122,2272
2895,52.05005299577446,-3.0147500917390633,1133,5088,1837
2896,52.433877920583875,-3.033703374798007,1445,5774,2439
2897,52.30953618990126,-2.6500135967805325,1279,4824,2282
2898,51.06096344551243,-1.6874293024062081,1748,4419,1553
2899,52.78913802789842,-1.9909876185878355,1299,4328,1777
2900,52.02815010172378,-3.047758852693927,1781,4903,2469
2901,50.19824015726715,-3.148550051846915,1344,5079,1915
2902,50.57896802141592,-1.9771774477307555,1683,4220,1767
2903,50.623960596339714,-2.9987609113923805,1907,4165,1557
2904,50.396544098452225,-3.103015163835672,1353,4770,2128
2905,51.31526470683879,-1.317486886133839,1833,4835,1639
2906,52.733518818724036,-0.45331253699673235,1742,5185,2190
2907,52.106706907213294,-2.3463613181333978,1386,4689,1797
2908,50.46492554590943,-1.7823030190849536,1973,5832,2014
2909,51.60954140287291,-3.2697831683157648,1064,5047,1604
2910,50.07118357671005,-1.170576317227253,1460,5357,1573
2911,50.93344167655142,-1.2770192610739741,1852,5769,2058
2912,49.96445528190213,-2.3214645934950218,1233,4995,1727
2913,50.133972812397815,-2.678417992510729,1316,5616,2462
2914,52.19251752779826,-3.2094644013050235,1163,4804,2385
2915,52.009874129025405,-0.611934179826306,1492,4116,2391
2916,50.526953623703065,-0.9236813406379909,1699,5299,2190
2917,50.79786012006567,-0.1018420287012205,1545,4834,1895
2918,50.70668604305692,-1.557894928458625,1686,5438,1936
2919,52.363840332132796,-2.936138591977667,1266,4743,2346
2920,52.79218038355219,-2.849924954823648,1885,4973,2450
2921,50.17286546491485,-0.3060757423385465,1216,5872,2176
2922,50.290060455168955,-1.6250241266307,1115,4341,1715
2923,52.16346877767091,-2.585443761643307,1478,5371,2124
2924,52.6279600146923,-1.6468627383248189,1820,5086,2270
2925,51.34047515492252,-1.2479649263543044,1712,4237,2456
2926,52.19563702387329,-2.2578507895346807,1528,5066,2233
2927,52.48128896211482,-2.500274185405825,1760,5461,1735
2928,51.67774370311043,-2.532467744746002,1014,5361,1663
2929,51.417040613855626,-0.7032492417738947,1055,5048,1988
2930,50.42044452755574,-0.2564778324188035,1667,4447,1759
2931,51.52779486825003,-1.0662244797561757,1175,4752,1875
2932,51.441040486870726,-2.5920276020499755,1050,4863,1930
2933,52.67622884828496,-2.2183714702313555,1685,4976,1717
2934,52.75968521828327,-2.0209884793126474,1026,5263,1729
2935,51.115471508380864,-1.8792834878855331,1865,4690,1852
2936,51.56858770968506,-2.7729773721423023,1762,4658,2069
2937,50.67123234102842,-3.312720261794157,1570,5534,1590
2938,51.59443145049376,-0.7211657363814172,1633,5052,1651
2939,50.98050660881799,-1.9869136191216563,1648,5291,2435
2940,52.52516767662816,-0.049584654541867224,1700,4733,2390
2941,50.13107062815335,-3.057623403715963,1831,4883,2127
2942,50.81345451790067,-1.1302170516749408,1267,5060,1516
2943,50.509582860490596,-2.660164475908075,1781,4111,1642
2944,50.79939968220777,-1.361890202566924,1290,5997,2278
2945,52.683540379107484,-2.62917103168558,1607,5159,1616
2946,51.19244872650126,-2.2393318305324925,1992,5437,1821
2947,51.730947353682275,-0.3739632024827544,1730,4193,2458
2948,51.40949420186983,-2.7101249511453465,1893,5874,2376
2949,50.55789902410447,-1.077471373159903,1542,5494,2053
2950,52.20009940442582,-2.8549619498678336,1458,5968,2176
2951,51.811390777870756,-3.1162694913611766,1187,5840,1903
2952,50.69416100227585,-1.6736524240244952,1596,5427,1553
2953,52.0948078745605,-0.7742312730547432,1546,4627,2369
2954,50.15876596230684,-0.8824622304335596,1193,5821,2296
2955,51.348935381930296,-2.512044757421706,1515,5805,1918
2956,51.59287299680081,-3.1651288420170482,1190,4122,2082
2957,51.19476173018285,-1.6448532382638812,1191,4211,2427
2958,50.46406784452725,-3.2201051949269934,1089,5529,1987
2959,51.2003484985717,-2.9113271617827783,1339,5226,2472
2960,52.429784269083136,-0.1004164406005219,1109,5180,2249
2961,50.14269434243041,-0.08170371863669779,1240,4060,2446
2962,52.64763192260021,-1.1270119040727513,1474,5960,1864
2963,50.21563461088906,-1.933794065972611,1750,4763,2090
2964,51.39612970859713,-3.3584064188096026,1473,4336,2201
2965,52.4224224564077,-1.3719032848408066,1850,4888,1586
2966,50.14565991643108,-1.7970616616664732,1200,5242,2348
2967,50.92241945751943,-2.5578838112070286,1564,5609,2428
2968,51.49124034595162,-0.7756418227396269,1911,4199,2445
2969,51.81857251640935,-2.3625024613929573,1469,5915,2234
2970,50.93208068333146,-2.9630565909882076,1767,5573,2267
2971,49.919012831225984,-0.8598268915643228,1764,4314,1669
2972,50.085310190835536,-3.1134249967566157,1640,4036,2432
2973,52.31579938195543,-1.3209424740380413,1598,5627,2203
2974,50.5843992702641,-2.295306351995512,1619,5100,2024
2975,52.79886223003963,-0.7253688195025005,1145,4403,2367
2976,50.54487996476935,-1.5169385943443712,1739,5536,1658
2977,51.82609861935707,-0.9467519693307027,1594,4922,2496
2978,52.189077030612985,-1.940745265143596,1423,4354,1686
2979,52.500727078769536,-0.18588181093587153,1825,4268,1708
2980,52.25360551354606,-1.9997368731232568,1974,4702,1586
2981,52.2693630751764,-0.4513901850584161,1211,5489,2467
2982,50.62710115041261,-3.3417659687472976,1312,4730,1611
2983,49.956349064540575,-0.8100113091426757,1873,4196,2426
2984,52.15813610241894,-1.6804043645916296,1378,4587,1924
2985,51.29796700319861,-2.9122727780767095,1594,5354,2216
2986,51.40061025435929,-0.4581448939337185,1270,5470,2353
2987,52.300282950114415,-2.8488354041766497,1839,5713,2006
2988,52.00811976106164,-2.957984585780047,1976,5094,2284
2989,49.92943150181664,-2.4029037593030913,1509,5879,1817
2990,50.81025888612808,-1.8821524991606968,1240,5370,1603
2991,51.76774347216781,-0.8634422983709311,1264,4900,1786
2992,50.27492017691191,-3.0557047705283327,1677,5355,2362
2993,52.085531576863964,-0.09271199744325243,1076,5919,2441
2994,51.82448416903892,-1.0851454401729237,1839,5972,2351
2995,52.500226353719675,-2.16819540049467,1601,4629,2436
2996,51.191244628683535,-0.15427947638182404,1935,4650,2429
2997,52.633870860529406,-1.8667343753779617,1812,4577,2101
2998,51.736807250804866,-0.492717289491035,1040,4179,2277
2999,52.06521614534684,-1.290040214528342,1821,4083,2271
3000,51.772362952990996,-0.7381156601810526,1422,4077,1542
3001,50.508293552235294,-3.0515924571292894,1005,5563,1557
3002,51.41742349663997,-0.770229016114468,1519,4253,1937
3003,51.10349428380964,-0.7228516633710584,1121,4073,2291
3004,52.072325970824565,-0.13342245315535495,1173,5972,1997
3005,51.102331516861604,-0.20090973026168468,1483,4703,2161
3006,51.79424090385755,-3.049213916497033,1998,4688,1746
3007,50.487273615332754,-1.9701105023419,1364,4039,1791
3008,52.116809094946774,-0.49025057929350924,1213,5495,2101
3009,50.21571629218561,-1.752624101645911,1024,5564,2169
3010,52.05748366043415,-1.3568915866260887,1593,5515,2289
3011,52.55733264696865,-0.2628745764594611,1380,5863,2051
3012,50.71288525081307,-3.3102867731936874,1687,4801,1581
3013,52.02965142234682,-1.0375620383808726,1900,4296,2298
3014,51.79862763545702,-1.6022426400182512,1655,5758,1648
3015,52.47922656272018,-0.11009717113861495,1931,5928,2105
3016,52.08078306715425,-3.2310911507050766,1074,5569,1811
3017,52.161098146570836,-3.192635484431578,1949,5317,1713
3018,52.48706694264105,-1.1067547455757136,1151,5798,1807
3019,50.66295872750015,-2.4416798952418914,1034,5040,1877
3020,51.06240540789743,-3.361903546126025,1806,4895,2461
3021,52.175975666239246,-1.7215863669497595,1183,5504,1927
3022,50.955281682708296,-1.4218127662185427,1583,4693,1632
3023,52.153570438639996,-2.94626036189375,1144,4532,1967
3024,51.29457724950984,-0.8063825195448464,1837,5450,2463
3025,50.90738132428627,-0.7155397601561169,1478,4528,1519
3026,50.632584562502764,-1.8082167682884747,1765,4454,2085
3027,52.32574284358942,-1.8260258324621559,1433,4406,1601
3028,52.18724893230052,-1.940401145273139,1942,4785,1713
3029,49.9876930885437,-2.4475022585437203,1911,4790,1694
3030,51.60032317697886,-2.9907426319165427,1985,5943,2134
3031,51.74902356431076,-2.2850950221103266,1172,5182,1518
3032,52.40470472336676,-2.5187807239474966,1929,5510,1983
3033,52.67224546579207,-0.5421412682204227,1297,4178,2404
3034,51.55891464686612,-2.0147253136666734,1030,4279,2351
3035,51.29737713676925,-2.662722451110384,1030,4282,1543
3036,51.77815197216575,-1.268402667685217,1164,4903,2387
3037,50.89062447136955,-0.6915784158065561,1346,4673,2366
3038,50.70733609247783,-1.0764307755874758,1420,5096,1691
3039,51.361092973621524,-0.676061413032016,1197,4085,2104
3040,50.725539896458606,-0.5077757241948024,1172,4996,1995
3041,52.72658291372085,-1.6209683572603044,1760,4745,2218
3042,52.11458469457568,-1.396292800292973,1539,5035,1607
3043,51.23301680799152,-0.7390768705936499,1375,4068,1563
3044,51.653519966974535,-0.614343861232236,1391,5472,1970
3045,52.17426438124608,-2.014313388986717,1756,5584,2406
3046,52.577745833757724,-1.9734499337976426,1139,5845,2069
3047,52.4328869374611,-0.7679432455906352,1992,4287,2472
3048,50.60133910447653,-0.8232312600111946,1401,4562,2178
3049,51.47783971995645,-0.8021477211794323,1776,5103,2442
3050,52.00093784416659,-2.9403060749387353,1937,4464,2195
3051,50.019417505813635,-1.06028264101493,1216,4012,2040
3052,50.91412385747202,-1.2036629160906744,1107,5964,1614
3053,51.557934484004946,-2.2828120329422648,1181,4907,1720
3054,51.649373471158704,-2.585460733338763,1162,4713,2329
3055,52.78320469136092,-0.7771875259084702,1754,5844,1986
3056,51.28876400995727,-0.9302478366282974,1361,5424,2422
3057,50.86996208749954,-1.9556259304183576,1809,5929,1822
3058,52.512025578654274,-1.4516706548610236,1513,4309,1648
3059,52.124389322550776,-1.0843612675698187,1096,5766,2069
3060,50.0375433205978,-1.780247830269316,1271,4535,2107
3061,51.487380891674235,-3.0297308796506774,1286,4478,1663
3062,52.15968302692988,-1.4549046829813272,1186,5029,1918
3063,51.70025783021556,-1.0640608074104554,1057,4468,1783
3064,51.53262834519028,-1.6453957392727598,1026,5522,1645
3065,52.754773090660706,-2.3933727126791573,1802,4807,2239
3066,51.137542571129515,-1.3411979873421123,1620,4242,1885
3067,51.63059379724917,-0.000304441057246585,1096,4643,1524
3068,51.99985088260793,-3.2191423455356194,1746,4666,1790
3069,49.90352104615592,-0.15707311967219573,1683,5748,2416
3070,51.14448457171742,-2.554246871357207,1228,4576,1800
3071,51.22634498133327,-0.5166219393159182,1348,5220,2442
3072,52.10627132830196,-0.9680354477478543,1525,5830,1841
3073,49.95668156872223,-1.228730562332502,1401,5364,2343
3074,51.344527394140115,-2.4984249520027175,1672,5117,2424
3075,52.03440330010148,-3.2917214349119,1819,5025,2020
3076,50.189709151461436,-0.9266606418970631,1796,4661,1922
3077,49.94366772520615,-2.3469965969181317,1567,5120,1823
3078,50.38023133156004,-2.0689112760779436,1361,4398,2272
3079,52.13490439505291,-2.0601951411554973,1808,5246,1518
3080,52.199738020128414,-1.3867484320952101,1524,5740,1501
3081,50.96461388161725,-1.3875182952380012,1886,4247,2297
3082,51.74168015608814,-0.2902454207924263,1708,5237,2362
3083,52.21321477670828,-0.6361653597907058,1626,4261,2345
3084,50.18770008290364,-0.38680194944655844,1140,5157,2319
3085,50.37353006339061,-2.7856057055529444,1139,4864,1603
3086,51.18970225110969,-1.5117874655639518,1649,5649,1861
3087,50.73407195868669,-1.1839684268530997,1046,5782,2070
3088,50.31685378103085,-2.6659264635145465,1360,5336,2186
3089,51.3280926637923,-2.8089968781612367,1405,5704,1744
3090,49.999734394237066,-1.5118792081252692,1305,5318,2264
3091,51.81620481777454,-0.9504850093972363,1521,5088,1766
3092,51.259755286347115,-2.890283196821639,1496,4919,2482
3093,50.8801403016136,-0.2284998202054629,1593,4984,2008
3094,51.437198247295214,-1.7057360351334496,1313,5283,1502
3095,50.31092515082713,-0.9738771558006278,1863,5181,2436
3096,52.078330576236716,-3.018693991005295,1274,5439,1660
3097,50.348966121649525,-1.0022302479975416,1702,5535,2444
3098,51.62698570459006,-2.4948652513611993,1007,5349,1929
3099,51.45415046352274,-0.49778194942050424,1753,4374,2486
3100,52.32359780657852,-1.2375402379849647,1678,5742,1955
3101,49.905335452190364,-3.04578725859386,1574,5335,2089
3102,52.208296781729146,-2.701279057206808,1625,4860,2292
3103,51.97331601263361,-2.991537295424475,1489,5962,1988
3104,52.32947471542421,-1.290748879262484,1030,5633,1976
3105,50.85523783003025,-2.9013263586383298,1195,4849,1915
3106,49.943106611991254,-0.1492652118328004,1933,4492,1671
3107,51.6197784690088,-1.6001045696992298,1473,5741,1788
3108,52.38690129298013,-2.9830715874385167,1266,4921,2299
3109,50.11609189422936,-0.8360126567110977,1898,5078,2051
3110,51.2499851643789,-2.2201083581761027,1247,4209,2280
3111,50.06192014693828,-1.8563246375831477,1409,5274,1647
3112,49.9311392944879,-2.5405072026775652,1633,4824,2161
3113,50.421922296246436,-1.448904899646146,1706,5409,2134
3114,52.013218756134975,-1.6980933473428506,1485,5378,1993
3115,51.27068090983482,-1.9077837919029117,1715,4038,1724
3116,52.392115553597876,-3.356119650354681,1509,4771,1899
3117,51.182747529383,-0.29749546494604795,1981,5588,2288
3118,50.19463076694033,-1.612839264451213,1792,5258,1697
3119,52.72256309566287,-2.8453540479268877,1753,4661,2209
3120,51.53916156375651,-0.114414374485174,1087,5049,2273
3121,52.63681517566593,-2.309805903729851,1764,4848,2382
3122,50.38881094877275,-0.029603253238434935,1534,5874,1647
3123,50.33999417658379,-1.7786340304996993,1537,5608,1655
3124,50.416492311207875,-3.316956663356409,1830,5686,2499
3125,51.173024487373716,-2.7023637523121993,1408,4016,1533
3126,50.94521465991221,-1.5488151531867709,1695,5593,1753
3127,51.11500609623969,-1.0818071139175713,1959,5505,1668
3128,52.32067802750778,-0.370988689060864,1811,4811,1974
3129,50.24531345997175,-2.2582239014547,1669,5167,2315
3130,51.0143235338644,-2.9450553548896017,1579,4095,2393
3131,51.483996914414064,-2.882975123164885,1656,4997,1572
3132,51.37723695726214,-0.6738467762042504,1074,4410,2049
3133,51.825779854509484,-1.1086288012170682,1943,4813,1766
3134,51.095341392196865,-1.6709352286244017,1626,5663,2457
3135,51.4224133159727,-0.07934288265115885,1926,5830,2321
3136,52.64576596256624,-2.006604348876806,1237,4709,1950
3137,52.648731963808,-2.9051826441632964,1689,5812,2032
3138,52.49234985743957,-2.98843516189237,1484,4913,1990
3139,51.89480095193096,-0.9482562434457931,1476,5369,2386
3140,50.73926048982846,-3.3183882577753225,1052,5619,2420
3141,51.30700272923703,-2.363147525620194,1178,4875,2437
3142,50.34447164122869,-2.2845738753442983,1622,4200,1852
3143,50.19625667603617,-2.651898223204907,1211,5556,2055
3144,51.024016155360286,-3.223160712935005,1606,4249,1523
3145,51.055569948412106,-1.4266252098401064,1808,5787,2244
3146,50.60015673590405,-0.3312853639738247,1030,5428,1910
3147,51.53855729261448,-2.023645194030456,1315,4474,2318
3148,51.152152615491595,-3.3067036527184226,1445,5256,2003
3149,50.35863104277855,-1.217895247024377,1607,5420,1564
3150,50.98148027589331,-0.958067622804482,1558,5840,2251
3151,50.329207676415486,-0.1351641254182936,1522,4598,2351
3152,51.46927418756606,-3.073377696277671,1492,5401,1691
3153,51.06011985867789,-3.2141712699915272,1659,4026,2489
3154,52.65149938618104,-0.5644316660495154,1795,4596,1535
3155,52.277582322395546,-1.3154114091909292,1206,5631,2209
3156,51.895792958079205,-3.0149706089380506,1082,4008,2136
3157,52.649064804804205,-1.6412541211263878,1186,4522,2277
3158,50.75502915642259,-3.366286461506473,1656,5708,2044
3159,52.46057925704704,-1.2852433833348402,1508,5606,2293
3160,51.88200368734355,-0.5186554868775799,1162,5172,2095
3161,49.94752125765904,-2.780636404998344,1638,5151,2339
3162,50.92411965203439,-1.6981156304347271,1652,5083,2079
3163,51.755681917646584,-2.6459158966210707,1900,4633,1722
3164,51.1280486530126,-1.6732721079564958,1816,4595,2397
3165,50.38491083162065,-3.3609052272186264,1972,5394,1619
3166,52.186072015546294,-3.155961408793001,1449,4148,2269
3167,51.24493305752934,-1.2588731826295203,1203,5634,1898
3168,50.4795723648606,-0.8067929137774175,1351,4742,1676
3169,50.34576652755078,-0.9550241313034729,1766,5807,1581
3170,52.07460628449903,-3.3309748222971485,1746,4596,1577
3171,52.586604102169446,-3.2325254789233075,1953,5103,1644
3172,52.262332036829335,-0.7469580667272289,1152,5807,1791
3173,50.91461650127836,-0.5882437759591701,1152,5277,1820
3174,49.96822229459379,-2.2606327931778845,1213,4753,2274
3175,52.143358627214766,-1.3879739936156925,1563,5251,2216
3176,51.47942917785374,-2.3576889741919675,1800,5260,2281
3177,51.88429167763303,-2.9021010121619097,1164,4809,1622
3178,52.59614229585275,-1.051069098155211,1325,4378,1835
3179,51.57140680012005,-1.7412291079286766,1469,5899,1544
3180,52.79170318577809,-0.1421821371196046,1211,5342,1524
3181,52.40888147930646,-0.6784021095820836,1674,4636,1541
3182,50.78374925382673,-2.3319749261043508,1035,5462,1602
3183,51.49693520683016,-1.0860450057080504,1489,4365,2296
3184,51.76757550963494,-3.20122774561365,1881,4361,1764
3185,50.490690147355096,-1.460481957316807,1244,4366,2008
3186,52.53910094308475,-2.6949650184804503,1642,4713,1741
3187,50.07462018307653,-1.6899199431627516,1957,5792,2354
3188,51.783985248538336,-0.8721798758357533,2000,4518,1593
3189,50.604329025474826,-0.9527886935546168,1408,4826,2212
3190,52.15989277094026,-1.077966126062453,1281,5087,1603
3191,52.469710264851265,-1.2173484827689265,1499,5373,1630
3192,52.72115397792386,-2.025896581226182,1858,4004,1643
3193,52.65595252312126,-1.068870666615887,1704,4098,1791
3194,51.43282104273623,-3.1574850994815784,1201,4790,1543
3195,52.12203662597231,-0.42797665638283666,1166,5564,2443
3196,51.28766213888135,-1.958830698703403,1316,5036,1914
3197,52.25544945153672,-0.07359237818125797,1251,5491,1824
3198,51.707901449061296,-1.1537533754402434,1773,5357,1990
3199,52.101816706767366,-1.9292756389426973,1615,4998,1782
3200,52.75709189890149,-1.5193066134781068,1730,4548,1643
3201,50.96652209492345,-1.2540622157089132,1639,4613,1936
3202,52.39437217303368,-1.6290351171515156,1962,5591,1570
3203,50.74483082106745,-1.827709011567325,1152,4840,2397
3204,52.408256222220416,-1.3560414808282912,1651,5485,1837
3205,51.1842117345447,-0.5923084819320517,1158,5738,2479
3206,52.41360680214936,-2.5496031654071207,1107,4150,1963
3207,51.218725757225165,-0.14104284549053414,1028,5216,1514
3208,50.4358986190722,-2.158266502298913,1510,4134,1867
3209,51.118988432241196,-2.5271607913966956,1166,4490,1626
3210,52.632229363346,-1.722890085962042,1654,4709,2478
3211,52.0460226265187,-0.4248248478087473,1075,4716,1723
3212,52.09375530801855,-2.712569120126854,1424,4677,1588
3213,50.150556733444326,-0.6933858570597633,1052,4953,2036
3214,52.13413496384029,-1.303637804622753,1766,4312,1783
3215,50.18731079652499,-1.5943171250587511,1688,4719,2127
3216,51.93414344191183,-0.7790367648620649,1284,4908,1713
3217,52.316965941528444,-1.7526306813852581,1627,5903,2244
3218,51.16181156343461,-1.15088518577525,1464,5720,2104
3219,51.79499568510306,-0.3552329018734399,1301,5356,2382
3220,52.65172528400005,-1.592478697228709,1242,5091,2179
3221,50.379754717935825,-2.1595169622412635,1284,5059,2479
3222,51.04010630938416,-1.1086270188599059,1122,5255,2132
3223,52.269077679337066,-1.6790153230185696,1851,4198,1878
3224,50.229005757092985,-0.7361879859474914,1481,5290,2376
3225,50.59710082106934,-3.3117723519513613,1492,4776,1763
3226,52.372755289489966,-2.4025499439229416,1983,5689,2069
3227,50.21437530724333,-0.8602183322470496,1501,5741,2302
3228,52.1503627223438,-2.5404481946580555,1412,4486,1736
3229,50.390454653926696,-3.2517925595099175,1452,5073,1800
3230,50.83144895145492,-1.9313624011622859,1459,4621,1880
3231,52.14719618159885,-2.1795485002107773,1047,4390,1805
3232,52.102467076987466,-2.1351321766600577,1846,4021,1692
3233,51.067376499346835,-2.4940328461425962,1238,4402,1533
3234,50.778284078845665,-1.386577121976805,1053,5567,2469
3235,50.75280334483221,-2.3396411417414225,1295,5520,2298
3236,50.31026425878764,-2.506612685491864,1140,5326,1977
3237,52.01354187370605,-1.3581433611510305,1638,5640,2182
3238,52.100726948056085,-0.12425822647312135,1307,4338,2034
3239,52.77224378014159,-0.15250699147652425,1160,5394,1557
3240,50.089030247165596,-2.8954136211369206,1502,5122,1990
3241,52.67997699620882,-0.9357188624989097,1987,5569,2490
3242,49.96623501732297,-1.1979514024919604,1748,4834,1968
3243,50.89123393240529,-0.7640257545633511,1238,5630,2421
3244,51.06689139573315,-1.964567043108546,1781,5568,2122
3245,51.449586026701276,-3.264981166141493,1495,4785,1722
3246,50.908817109341484,-2.4626897648633066,1617,5290,2437
3247,50.73237950988605,-2.939607461240071,1587,4583,1726
3248,51.004764174957586,-1.6338109989069494,1210,4457,2365
3249,52.48805725273609,-1.2123048702301404,1554,4810,1746
3250,52.58807040209091,-1.9359394697612813,1434,5151,2036
3251,51.9242840456167,-1.5130469573763974,1271,4154,2058
3252,51.76965668470011,-1.2990615289246015,1004,4661,2500
3253,50.45221098215171,-0.9349923844881789,1161,4016,2067
3254,51.52061186219817,-0.4251172317487355,1550,5967,2339
3255,50.831734521538046,-0.8913378917447954,1862,5852,1700
3256,50.49666064731569,-2.4601634351452333,1386,5712,1575
3257,52.44269929875548,-0.04417423040062163,1666,4188,1802
3258,51.92016199639295,-2.745818943830144,1061,5587,1621
3259,50.07739121425071,-2.8793242214119923,1456,4520,2170
3260,52.600870902728886,-1.4557868315167295,1129,5580,2046
3261,51.241401614676164,-2.5308745224083378,1015,4424,2278
3262,50.068916778933456,-2.474826415503299,1274,5099,2479
3263,50.69880299177563,-0.0833802279595468,1410,4802,1893
3264,50.97486062183623,-0.256183793417295,1417,4729,2227
3265,51.19632279330504,-1.691941245180167,1642,4617,2030
3266,50.0602516428825,-0.9706976529197697,1290,4330,2225
3267,50.52182003150049,-1.3601358668117527,1196,5198,2369
3268,50.35146776662918,-2.9297880526278823,1404,5434,1573
3269,51.71399445781699,-2.009502733765074,1552,5132,2301
3270,51.09214984050459,-0.9886093939480656,1995,5283,1897
3271,51.35410826523206,-1.894596394092858,1904,4063,1658
3272,51.933391809246984,-2.1091338724429987,1569,5995,2262
3273,52.707346480480176,-1.765106195938376,1035,4412,1644
3274,51.43633677830634,-1.4199808369537372,1768,5798,2054
3275,50.41187202635794,-0.13098981663356568,1665,4135,1803
3276,52.12001137421429,-2.2989680871276783,1657,5517,2422
3277,51.49264889569058,-2.2275319451565325,1546,4227,1725
3278,51.74482305959656,-2.5537250857700844,1159,5476,1579
3279,50.349125887703245,-2.777940372375952,1180,4098,1991
3280,50.508137922392294,-2.448160447191923,1866,5764,2386
3281,50.94449258827725,-0.788126773071304,1976,4353,2224
3282,50.07058761780713,-1.93586889979481,1969,5435,2144
3283,50.05109625391201,-2.682712701274333,1611,5617,2209
3284,49.930037821904335,-0.42724800522469764,1717,5899,2444
3285,50.065613512819795,-0.7369259925273348,1556,5459,1608
3286,51.552823298126654,-1.1710573919613156,1468,5943,2089
3287,51.831472373376315,-0.5086355361312345,1192,4706,1741
3288,51.05897468252239,-2.0742404497065428,1645,4441,1604
3289,52.287207530525976,-1.161930443521154,1868,4259,1835
3290,52.717384238605355,-0.02608265849274982,1192,5352,2060
3291,51.98978925622484,-1.1105487570919785,1217,5368,2060
3292,51.81507755004074,-0.9502938497999409,1364,4885,1780
3293,52.47474106854512,-0.8614166688829328,1950,5778,1972
3294,52.47955683444331,-0.5069609379825852,1644,5359,2357
3295,50.23814847889715,-2.224510403925122,1580,5234,1927
3296,52.18268148301103,-2.462086729192162,1092,4929,2055
3297,51.01574788578931,-1.5893527912537335,1711,4035,2155
3298,52.21116050675181,-2.8223445161291245,1012,4227,1674
3299,49.991418402888,-1.336922430970644,1044,5250,1690
3300,52.29012263715263,-1.6746421230014916,1946,4603,1946
3301,52.72025348822578,-0.829248383042426,1494,4851,2040
3302,52.214417819697054,-1.6247810667095917,1199,4175,1663
3303,50.98240053273798,-1.0194585839179249,1921,5210,2424
3304,51.235224718247956,-0.5752556313122779,1434,4690,2378
3305,50.267759332820695,-1.832240338210286,1452,5203,2215
3306,50.837285309817126,-2.8044499342540883,1602,4359,1921
3307,51.35281725922803,-0.7367860968954014,1751,4089,1670
3308,51.70333533298248,-3.377725473539925,1714,4277,2423
3309,50.476477756427755,-0.04664130216939544,1780,4638,1566
3310,52.38132042899446,-1.4057210019073942,1087,5486,2494
3311,50.17222522642312,-1.3684291711635987,1900,5301,2490
3312,51.88827453740175,-1.4512229213907848,1935,5021,2161
3313,52.310174544839484,-3.1523748643480984,1775,4536,2420
3314,52.016555813385004,-1.698590284513492,1013,4893,2126
3315,50.75933819172016,-1.2176575366935953,1822,5850,1918
3316,50.15135008183946,-2.4869621307128718,1998,5580,1678
3317,50.475749749391994,-2.7745278553659105,1587,4869,1830
3318,50.720985532197055,-1.457797204226271,1372,5405,2060
3319,50.86543875531786,-0.031658311748707924,1476,5530,1519
3320,51.68828900228294,-3.367062545962199,1089,4600,1795
3321,52.16311295012553,-0.15681395713681345,1881,4320,1836
3322,51.01884795078402,-1.9103610607243064,1248,5459,2336
3323,51.79154845152191,-0.4326012799861574,1296,4556,1651
3324,50.39185311755839,-3.2733824941024916,1939,4316,2065
3325,50.454744122847245,-3.3052998055109124,1096,4429,2063
3326,50.345074876815865,-0.29191182912131675,1764,5367,2049
3327,50.81818975758011,-0.5842190433205099,1869,4431,1605
3328,50.56297739084367,-1.3615527411075483,1099,4483,1813
3329,51.72899850002588,-2.844545245333684,1970,5663,2066
3330,50.78844000986812,-2.085291215590936,1621,4171,2450
3331,50.89941477269918,-0.25330704241283053,1753,5117,1593
3332,50.06139678820451,-1.8550305022053057,1049,4153,1529
3333,50.00364607997537,-1.755735974183812,1900,5637,1936
3334,51.72308833799618,-1.2263100675409357,1316,5924,2114
3335,50.010847625264844,-1.8217348803840456,1628,4030,2071
3336,50.27948049854791,-1.1105599163051738,1238,5545,1985
3337,50.15299740898417,-1.8717106080453891,1419,5476,2168
3338,51.26754026549549,-2.78089503367539,1011,4262,1605
3339,51.15684626486011,-3.3337337097619533,1257,5077,2072
3340,52.00037913179056,-1.5632486878753002,1203,4788,2353
3341,50.08586539839399,-2.089179104293606,1020,4024,1933
3342,50.24473021579046,-2.892491969740053,1153,5411,2482
3343,52.398406434954325,-3.281112417613594,1684,5459,2441
3344,51.361345999653516,-2.0727217551853307,1942,4063,1627
3345,50.45410499400715,-0.33814513602094953,1076,4019,1508
3346,51.23585020552169,-1.3909971211431826,1765,5715,1924
3347,52.44625293783332,-1.2617268911173056,1918,4743,1777
3348,50.78220514489719,-0.5611382646990926,1740,4347,2038
3349,52.55444572127703,-3.1636074896222808,1107,4216,1759
3350,51.48442081006837,-0.5234971329003271,1352,4885,1692
3351,50.03380103576807,-0.5167303069359277,1373,4613,2285
3352,51.52516733829289,-0.11128768373149267,1791,4358,2114
3353,51.41660310669714,-0.478445602516556,1908,5735,2480
3354,52.778992082774295,-0.9396953667186292,1248,4527,2072
3355,50.031771708708725,-2.106864060012377,1808,5087,2396
3356,52.16923562326654,-1.891788250775318,1801,4985,1847
3357,50.456648107119534,-1.470430520677517,1286,5657,1874
3358,51.22995541628431,-1.6559980449142433,1569,5660,1648
3359,50.66976306195789,-0.8207250324500657,1266,5053,2231
3360,50.68293776600464,-0.3286363099090801,1734,5618,1516
3361,51.19675660994898,-2.1683251045399876,1332,4432,2238
3362,52.32133854705272,-0.1113239301635125,1799,4073,2331
3363,52.37962232758361,-0.6281603272302085,1253,4565,1927
3364,50.07108434190803,-0.6909571409586381,1476,4673,1860
3365,50.66485448586358,-2.4496413149353065,1945,4800,2296
3366,51.54134356859205,-0.17850790082579016,1534,5068,2202
3367,51.24652536468418,-1.203202206738355,1348,5463,1590
3368,50.733172171807325,-1.9857561686653908,1650,4397,1520
3369,51.94989663876541,-1.26006244277428,1009,5080,2257
3370,52.67051740247203,-1.0176920316755265,1478,4477,1628
3371,51.737521014838094,-0.6746367122235526,1376,5228,2413
3372,52.72293088065132,-3.2481802331969116,1099,4865,1559
3373,52.12006278926555,-3.31521018685393,1547,5699,2451
3374,51.637935837360956,-1.6425702379579448,1730,4523,2179
3375,52.46926186280409,-0.7557988560896494,1815,4147,1575
3376,50.381667054550256,-1.4347705340396462,1980,5178,2185
3377,51.51639478427843,-1.5673243749927979,1845,5725,1864
3378,51.3002472328132,-0.28031731953399763,1082,5543,2101
3379,51.649547664169475,-1.7286372605346676,1790,5722,1698
3380,52.51298100798637,-1.5528783810871427,1970,5757,1901
3381,51.438092906485615,-1.8588170010122358,1758,5852,1958
3382,51.629553077266586,-0.022489812347548988,1218,5915,1808
3383,52.43978919525108,-1.5542990878884755,1491,5706,2186
3384,49.99190154594537,-2.7905673300185336,1427,5638,1589
3385,51.97877038482687,-0.13726772820319066,1669,4205,2269
3386,51.4807610964724,-0.7565020081416884,1474,4038,2443
3387,52.47642894864609,-2.707806931857201,1227,5548,1865
3388,50.647673916177624,-1.4511991744400619,1304,5727,2480
3389,51.2770047618437,-1.2427024171330219,1566,4691,1860
3390,50.18573886970165,-2.537662678492186,1262,4488,1538
3391,50.40273164913408,-0.7913458787795373,1469,4133,2187
3392,51.365046130461394,-1.611007374218219,1281,4987,1885
3393,51.83607426500216,-2.322021693370611,1553,5277,2408
3394,52.500265517642156,-0.014229404343253815,1347,4465,2389
3395,52.21785312607132,-2.111248710620577,1497,5374,1775
3396,52.35374519634403,-2.351210668309682,1614,4724,2103
3397,52.00424588422143,-0.7950589458287456,1921,5189,2032
3398,49.920550840803976,-1.6952287899595873,1538,5093,2409
3399,51.482685145754054,-2.0203925383335513,1606,4246,2284
3400,52.14090949628612,-2.9811230069587964,1983,4404,1625
3401,50.42297503621787,-0.06633769651940025,1649,4487,1944
3402,50.56942186695811,-0.5137398695745437,1513,5171,1678
3403,51.31178415601022,-2.2610525745847925,1802,5445,2424
3404,52.08056713987647,-1.3488443032676458,1063,4005,1695
3405,52.363990117714714,-1.8377387752579983,1743,5098,2198
3406,50.515610659202444,-2.075122760182506,1921,5269,1796
3407,52.11532265856333,-1.6709695760063183,1946,4471,1548
3408,52.59768186170743,-2.637831009859263,1585,5034,2164
3409,50.18879316977833,-0.6877674369637163,1814,5628,1587
3410,52.289082856041915,-2.765470128025207,1988,4633,1683
3411,50.774911778989164,-1.5065604932160848,1051,4720,1630
3412,51.551730726502825,-2.5136129051640856,1474,5423,2481
3413,51.72739927754808,-1.187209817911591,1217,4680,1978
3414,51.03748949972704,-1.2071997245883215,1102,4921,2378
3415,51.613261911116645,-0.39458562253508145,1283,4959,1675
3416,52.24295754791438,-1.9438027185496038,1370,5669,2216
3417,50.22089193341018,-1.3334875051826236,1987,4734,2181
3418,51.862957517094465,-1.058125445902614,1155,4377,1858
3419,51.25912669230007,-1.1233241137936747,1600,4953,1740
3420,51.51182704839644,-3.2153100570228084,1374,5518,2138
3421,50.568134911156676,-1.1155751386966548,1216,4992,1571
3422,52.788635210769925,-1.885484236131492,1939,4616,2485
3423,51.139317390061926,-2.1190819781438766,1460,4600,2442
3424,52.093426771877965,-1.2119698768554557,1440,4627,1809
3425,50.266013717440565,-0.22323893300444775,1586,5670,2048
3426,51.455391811578274,-2.8753668660414387,1919,5102,1983
3427,50.170399176564835,-0.14468160119369555,1172,4874,2381
3428,52.72061513273519,-3.2931207438118473,1020,5244,2331
3429,52.11475686987586,-2.4326300664034606,1647,4435,2449
3430,50.60258247636219,-1.2220293962411852,1274,5486,2110
3431,51.47402526331329,-0.5666764842807028,1894,5466,2417
3432,52.358580174447205,-0.5916855561723877,1551,5571,2262
3433,50.837086076750616,-0.3233371327520138,1069,4864,1743
3434,51.287815931322626,-0.7656125701907897,1692,4325,2432
3435,51.96077585959953,-1.7739036834518829,1301,5646,1682
3436,51.26634461203985,-1.5438914641595594,1077,5853,1540
3437,49.91581911841352,-1.1680954405538397,1131,4039,1878
3438,51.09173057071528,-3.25924627311096,1887,5630,2440
3439,50.39853203048376,-1.713390705914002,1517,5810,2041
3440,49.94910899850373,-2.967612917742078,1949,4679,1556
3441,52.032243136500924,-2.7823928092078383,1366,4247,1637
3442,50.543405733765965,-3.3510060242669955,1034,4838,1850
3443,50.737752959782135,-1.4973738180980982,1604,4421,2127
3444,51.11696082140266,-2.9140411735707032,1776,4405,2424
3445,52.703661591477236,-2.4905275243515543,1955,5144,1528
3446,51.20708069142262,-1.773796783020393,1784,5994,1758
3447,51.742307061222526,-0.19443420395549404,1784,4018,2338
3448,50.54012114222694,-0.7872506872742142,1326,5243,2448
3449,52.21120826796499,-3.2092928229499944,1978,4352,2105
3450,51.778442376576464,-1.8294144818799127,1765,4251,1854
3451,52.488852013474336,-1.1235960855936695,1953,5071,2014
3452,51.09185640124713,-0.19857329136704704,1767,4071,2119
3453,52.31729490873753,-1.5731325203506883,1941,4160,1507
3454,52.59805001036208,-2.898042039199984,1819,4467,2398
3455,50.15207561502138,-3.281135936168948,1432,4205,2136
3456,52.269402342111626,-2.648423266307823,1376,5589,2145
3457,50.89362341205644,-0.4764241649377259,1981,4879,1960
3458,52.55805194150442,-2.0845878450139983,1866,4019,2281
3459,51.94348497387417,-2.3951775500522707,1463,4556,1715
3460,50.80737912263352,-2.8206656580558103,1261,5007,2091
3461,50.50535253814578,-1.4041911630868666,1980,4815,2067
3462,51.99065375225262,-1.293466339454755,1786,5210,1921
3463,50.9432333250306,-1.8972049890246372,1786,5810,2132
3464,50.625965556945005,-0.4651900021604565,1146,5490,2426
3465,50.90341474719863,-1.9541951349034643,1068,4340,1582
3466,51.25467863938872,-0.2700905382743479,1597,4807,1676
3467,50.19092602947653,-3.06507043628632,1632,5255,2313
3468,52.310118476642785,-1.7844732407331028,1637,4718,2178
3469,50.57323782064806,-2.4518843846213287,1605,5210,1858
3470,51.327544092334506,-3.2845310520968924,1611,5821,1772
3471,52.52368759473785,-0.7117936252320018,1856,5600,2299
3472,50.24247195939281,-2.3875467587464954,1854,5250,2210
3473,52.642922650505746,-1.6033386068791846,1839,5502,1558
3474,50.87030002604312,-0.8337927539564407,1401,5436,1968
3475,50.97730538214964,-2.6239612926208187,1812,4076,2353
3476,51.124753174718535,-2.8715135490212775,1714,5896,1628
3477,50.25563848642894,-1.470853103725599,1087,4433,1650
3478,52.23735415623409,-1.8404210767063496,1461,5314,1928
3479,50.57497661193967,-1.3072274275403317,1301,4544,1661
3480,51.47180435891666,-1.317726316506504,1952,5173,1571
3481,51.56366580597985,-2.7916978355623505,1342,5275,2425
3482,51.4244888499613,-2.1988429352631127,1537,5351,1740
3483,52.40873308363561,-0.48964283990895296,1999,5354,1974
3484,51.82637672459025,-2.8438595458349374,1254,5575,2406
3485,52.32267374477793,-2.948889308082461,1083,5844,2470
3486,50.41313661274258,-1.1770646408005798,1222,5795,2394
3487,51.10012096140349,-1.0373249155474351,1810,5528,1585
3488,51.85494189502025,-3.1044623101546893,1843,5904,2308
3489,52.49902805745151,-0.5163961970183131,1032,4959,2057
3490,51.29796497863359,-3.087957658037016,1298,5218,2061
3491,50.94366194075896,-1.3254281955748826,1170,4582,1965
3492,51.46349841469547,-3.0047170701019468,1614,4787,1606
3493,50.87399737374519,-0.7652040659971027,1794,5412,2091
3494,52.18340370191797,-1.3442366949063826,1708,4885,1885
3495,50.30373974674933,-0.09607830436605669,1778,4760,1571
3496,50.938588209805424,-1.4620624539498912,1371,4954,1671
3497,51.716955259473224,-2.091699498131952,1984,4629,2399
3498,51.44671251163494,-0.6580005200986498,1619,5416,2318
3499,51.145394650998306,-3.142891136407804,1431,4226,1880
3500,51.74656694900395,-2.700816429278883,1284,4508,2146
3501,50.47415979368556,-1.7419335198165262,1910,4357,1516
3502,52.52183664648367,-0.5504689319221598,1677,4675,2009
3503,50.15043772065732,-1.4767642778495855,1603,5415,2481
3504,51.22350219870685,-1.8703268059149618,1873,5272,1701
3505,52.44506323225954,-3.088387377195534,1689,4509,1624
3506,51.91354764168886,-2.8834317179738758,1676,4833,1828
3507,50.33249358723878,-0.9319232428819246,1732,4164,1665
3508,50.76517386899585,-2.6879348100079965,1993,4411,1887
3509,51.73594428673043,-2.402293297958571,1566,5077,1818
3510,50.14105851111714,-1.1512407312837252,1832,5552,2211
3511,50.47184961145272,-0.42139400374407643,1854,4038,1616
3512,52.65745158337592,-0.4752818554321867,1934,5248,2174
3513,51.12956478943034,-1.041129343777265,1927,5827,1839
3514,50.33764369224073,-0.5875519250319248,1877,5880,2401
3515,50.33333279997969,-1.3373654777125048,1596,5734,1919
3516,52.06436004782892,-1.4512491332244755,1261,4745,1532
3517,52.551886029037895,-3.3740676719781946,1405,4356,2136
3518,51.9511665597467,-1.8994500654840485,1197,4187,2100
3519,51.62777571969439,-1.3018553579693903,1163,5883,2031
3520,50.35873012346865,-2.265968691040219,1465,4038,2119
3521,51.20597886685804,-2.9132097766418363,1171,5888,1903
3522,51.75034139339055,-1.254623679358743,1937,5100,1660
3523,51.97165863715912,-1.2442426215908289,1282,4123,1982
3524,52.13693099614289,-0.6612130350025378,1206,5962,2084
3525,50.925941111675165,-0.19965858125795544,1740,4775,2485
3526,52.489400321592676,-2.9334698381040964,1836,4643,1554
3527,50.07950678304657,-1.8091605214267017,1870,5641,2028
3528,52.29245162895511,-2.8627055591499637,1616,5070,2476
3529,51.4998239435664,-2.876986144908581,1378,4251,2183
3530,51.16194102133228,-0.29342405004520566,1141,5734,1778
3531,51.1612541189137,-2.48868651848521,1316,4999,2105
3532,51.90476353926909,-1.716942573141832,1191,4836,1605
3533,50.38188749887056,-3.2798195861017225,1882,4244,1561
3534,51.81655112650707,-1.0328118947610823,1765,4938,2412
3535,50.816279862371324,-1.1612587247051636,1492,5268,2446
3536,52.33442473570965,-2.0607646824403636,1827,4345,1682
3537,52.711136604907686,-1.3098911344244706,1422,4843,1999
3538,51.2947293818192,-0.9398518537301417,1636,4052,1867
3539,50.72215936187846,-0.3633694639396099,1052,5854,1642
3540,49.99606276784477,-1.1744014532990552,1646,4348,2261
3541,51.30893220042332,-1.2684804030956718,1793,4534,1779
3542,52.01950639043126,-3.2572568006626095,1933,5447,2485
3543,50.67613720608562,-2.4025236662690084,1092,5140,1904
3544,50.41150074599162,-1.3245408002636991,1541,4678,2168
3545,51.14618607367226,-1.722581252843644,1695,5150,2082
3546,52.101334907509404,-2.051119204041075,1277,5938,1578
3547,50.245734934934156,-1.2929318784958777,1799,4043,2234
3548,51.521892529595284,-2.377564322877875,1040,4147,1741
3549,50.62490762847241,-2.1831060654155374,1824,5637,2188
3550,51.04994768080914,-1.619449987324704,1838,5617,2331
3551,50.10187307958539,-0.32216975997293895,1424,4077,2435
3552,50.799674859088476,-1.8886797331337057,1795,5921,1749
3553,51.4300685000416,-1.397029894057467,1808,5387,1915
3554,50.28727752505933,-2.3800293718489485,1644,5685,2008
3555,52.77901180553158,-2.7444651793497776,1302,4992,1883
3556,50.391318272233235,-2.7944905278731085,1758,4165,1892
3557,51.57958506262188,-1.4424555238318668,1429,4396,1538
3558,51.73497596145597,-0.9789223262693394,1493,5426,2292
3559,52.04047775828905,-2.226725543063642,1858,4809,2498
3560,51.79599035776004,-0.29319304247746736,1725,4691,1584
3561,50.8492410202929,-2.3743516101862485,1457,4400,1579
3562,51.67156992599547,-1.2884693226808843,1638,4692,1827
3563,52.47436388299872,-1.5821600028472695,1591,5063,1985
3564,51.965622314521795,-2.9591805018333375,1205,4576,1906
3565,50.82076973616373,-1.3706716139546073,1795,5872,2443
3566,52.32136093545345,-1.992323058223837,1004,4088,1567
3567,50.428477932011084,-1.3126916561685364,1645,5507,1840
3568,51.88982961280537,-0.32173350991711125,1156,5065,1838
3569,51.846665192071825,-2.9474216676036082,1955,4921,1913
3570,52.6840487094615,-0.28217149694872967,1264,4485,1701
3571,50.4480582688189,-1.3164955326479975,1633,4327,1707
3572,51.00818467331514,-2.412018973589001,1963,4034,2144
3573,50.70875548893326,-1.2926923322492514,1298,4237,1892
3574,51.55354986119947,-3.3790769942295222,1874,5212,2064
3575,51.07525685630314,-3.2102399631305567,1098,4368,1944
3576,51.12712478777554,-1.0485881511693185,1744,4689,1670
3577,50.02035651576222,-2.2748746642039013,1570,5572,2303
3578,52.66188096485426,-2.603953864642962,1887,4333,1755
3579,49.95153089284989,-0.835646949112911,1440,5688,2025
3580,50.727257754211315,-0.4076465002645868,1431,4685,2261
3581,52.66023819405801,-2.7003303132818384,1394,5330,1902
3582,50.51201972234119,-1.2886217626223004,1931,5892,2237
3583,51.586715529581845,-2.5125344095072304,1219,4035,2143
3584,51.84535937737329,-1.7640883947320627,1733,4706,1944
3585,51.53769566028971,-0.11439420275654699,1206,4829,1923
3586,51.38355368811802,-2.4146664187215943,1941,4152,1557
3587,52.561001540277836,-1.3433334629462386,1583,5516,1755
3588,51.29828140198001,-0.46670505743622837,1159,4080,1984
3589,50.07989692012013,-2.881454209969915,1830,4395,1649
3590,52.73229738489662,-1.162184008761861,1574,4856,2089
3591,51.99700914069086,-0.5620746472924782,1693,5878,2359
3592,50.93840279255973,-1.4541789949762953,1946,5123,2433
3593,50.60366504968315,-0.45602919089921956,1249,5937,2333
3594,50.38460802414946,-2.6175401068968758,1154,5638,2178
3595,51.74743584125764,-2.7155825992379024,1688,4880,2382
3596,51.88117123106124,-1.3314232376922122,1583,4537,2267
3597,51.46569824560869,-2.231711893197145,1036,4467,1996
3598,51.40823297171187,-2.941029430828094,1452,5685,1902
3599,52.182865359249895,-2.717809184285057,1783,5564,1740
3600,50.27594033471449,-0.330751265696156,1388,4376,2398
3601,52.534365387003675,-1.7654640743998697,1017,4647,1592
3602,50.15872520093169,-3.3864351131436132,1041,4414,1921
3603,52.63665880477675,-0.37676918035946194,1645,5566,2254
3604,52.08396287787289,-2.522922158214957,1971,4796,1899
3605,50.039962848654376,-2.380395737616219,1811,5699,1597
3606,50.27528456946649,-2.575024823690414,1593,5363,1755
3607,50.23797545916883,-3.2495856718560567,1065,5591,2471
3608,50.59715109937101,-2.221154048532414,1125,5212,2045
3609,50.2695365696683,-3.0596331943446247,1061,4838,2273
3610,51.900626759547805,-0.06128987794626539,1451,4890,2327
3611,50.522988623772456,-0.33684318997115215,1932,4769,1996
3612,52.79827829766293,-2.1949643631209432,1885,5176,2217
3613,50.96940670135187,-2.8754600722384414,1593,4897,1785
3614,50.10634160422511,-3.2951856802578705,1335,5400,1966
3615,52.052708449799006,-2.012001615018429,1684,4508,1547
3616,52.47842899359986,-1.6319897941953194,1512,4018,2365
3617,52.08318973191081,-2.1662208678873367,1535,5600,2254
3618,51.838460619920035,-2.4801846064423683,1884,5296,1946
3619,52.256938559939236,-0.8639772812674673,1388,4082,2176
3620,51.47447208045957,-0.4311241229803313,1080,4032,1730
3621,50.757168743575704,-0.49252818061838033,1004,5089,2261
3622,50.16037375049219,-2.5684815855662655,1476,4735,2335
3623,50.2527211120905,-0.1676540679196452,1193,4122,2459
3624,50.28970688209267,-1.5952955537130449,1775,5629,2410
3625,50.95986728970583,-3.0389195899877177,1777,5569,2436
3626,51.44000948181868,-2.002478806506149,1264,4941,1993
3627,52.013806924788256,-2.85625043279879,1579,4419,1902
3628,51.46708600377448,-0.35008500281604915,1599,4778,2291
3629,49.98170267068467,-1.3354443332482666,1232,5417,2081
3630,50.24964388586031,-2.5997066378949665,1212,4884,2013
3631,50.3354384804951,-3.2445752734433255,1306,4276,1813
3632,52.66919553963838,-2.803576199867265,1555,4565,2057
3633,52.18507375833754,-2.371166492388615,1916,4986,2201
3634,52.338032804075056,-2.0103235848706555,1045,4071,2086
3635,51.024143752910284,-0.8724293678408159,1683,5868,1575
3636,51.217803736698,-0.28186637844165396,1776,5762,1991
3637,51.23941829381191,-0.543685655561001,1095,5045,2109
3638,51.98768295345825,-1.4445466991918343,1991,5350,2493
3639,51.370484492508005,-3.393595905372226,1900,4123,1955
3640,50.62263100755449,-3.3224614745168077,1727,4619,1825
3641,50.45928089943248,-1.3484496400094232,1674,4487,1943
3642,51.79537879059916,-0.17907408343334907,1124,4784,1571
3643,52.70787983426805,-0.3490422484607789,1551,4754,2348
3644,50.367046417447696,-0.14313425365213117,1230,4338,1679
3645,52.275524930049336,-2.1133819186790976,1766,5659,2283
3646,50.65686585393071,-2.782965541373445,1165,5634,2024
3647,51.08892275967534,-2.589487768743153,1981,5075,2333
3648,52.18332751124907,-2.388396774382927,1860,4807,1589
3649,50.41904943746233,-1.186097845505825,1449,4743,2400
3650,52.252475383836824,-1.946201782983857,1082,4516,2054
3651,52.36195466078607,-0.7223268278221875,1813,4634,2111
3652,52.430018780769295,-0.5991257906543868,1465,4686,1720
3653,52.228085743693015,-3.158913403475437,1004,5407,2332
3654,50.48653673793458,-1.1757297365304273,1113,4063,2096
3655,50.29396240622694,-0.7625046268187874,1599,4558,1557
3656,52.29427575466011,-2.751980744070594,1065,5090,2463
3657,51.58158700840415,-3.3631774950672852,1217,4049,2006
3658,52.456845394773744,-1.825558166999637,1578,4990,2466
3659,52.137403558790226,-0.28800822867845666,1129,5906,2450
3660,51.172362582702554,-3.3794541055243856,1132,5049,1603
3661,50.58720193299809,-0.5235304357951471,1219,5426,2359
3662,50.69458062541268,-0.24666685452589077,1382,4359,1820
3663,50.89032742832042,-1.0559213142021715,1302,4879,2007
3664,52.734130247960145,-1.2607935344388341,1170,5928,2416
3665,51.04137728415029,-3.1093242012989277,1809,4618,2417
3666,51.402640362386784,-2.847912097313984,1045,4635,1528
3667,51.94692564558751,-0.5388186554722076,1334,5311,1585
3668,50.6091574690546,-0.21969274662649374,1128,5969,2030
3669,50.1536157174591,-1.5952026988702588,1767,5554,1784
3670,50.62524062113716,-1.2258562980412964,1958,5154,1575
3671,52.2405116926592,-3.126657734849996,1971,5011,1734
3672,51.84152089275095,-2.716282164546779,1373,5782,2290
3673,51.6072768896205,-3.3475900783144623,1590,4978,1554
3674,51.535863104846804,-3.1621104057576646,1069,5374,1619
3675,52.1550077476496,-2.2052904927314176,1514,4045,2191
3676,52.27131118893844,-0.739455162607078,1670,5842,2154
3677,49.99376040324903,-2.984716118563049,1183,5367,2384
3678,51.006959622553474,-0.1926030026944363,1086,5305,2130
3679,49.96351509534716,-2.742784077528169,1124,5215,1584
3680,51.245661629364356,-0.5809501922594178,1952,5444,1507
3681,51.15824551214879,-2.4815136033680893,1064,5427,1845
3682,50.15975127006261,-0.0759707378297021,1319,4586,1586
3683,51.017429883942235,-0.30301075458077964,1366,4417,2372
3684,50.070382839158476,-3.083650440056013,1201,4315,1561
3685,50.18505335665713,-0.9610052259335764,1826,5514,1503
3686,52.66126352014787,-2.3274725531579286,1896,5618,2108
3687,52.18614272937692,-2.151914264413395,1295,5406,2456
3688,50.63134403962161,-3.0484753058930907,1058,5235,2455
3689,50.44811601332487,-1.110887211834037,1281,5965,1786
3690,50.540764636743816,-2.266483461707418,1338,5909,1917
3691,52.21592920846825,-2.6149677416352723,1057,5842,1583
3692,52.08236920989662,-0.2553812665151183,1159,5670,1783
3693,49.91907126322098,-2.399166996139359,1789,5883,1833
3694,51.92224990841267,-0.4502356832123109,1714,5578,1739
3695,51.282799491310016,-2.299281438686762,1419,5016,2035
3696,51.21071269526775,-0.6033688979349834,1872,5229,2278
3697,50.797114555920494,-1.483411518725919,1175,4210,1899
3698,52.38598408878952,-0.9984302714856743,1204,5382,1628
3699,51.05843959157741,-2.7851702522546375,1461,5111,2436
3700,50.55219706938333,-0.44203960162571576,1783,4691,1514
3701,51.99042114594312,-2.778139555345168,1569,5382,1565
3702,50.96570529479128,-3.2909981327400986,1052,4254,2381
3703,52.11054355379916,-0.1276482229748077,1807,4109,1925
3704,50.42023602220237,-2.855550989292547,1105,5152,1782
3705,51.74605256341907,-1.8694521835356162,1228,5422,1932
3706,52.30082040871683,-2.0817153053157575,1290,5253,1689
3707,51.5451750839258,-0.7928685184038131,1589,5526,2292
3708,49.95135864828219,-0.17703005418185258,1285,4790,2126
3709,50.29237967504852,-0.22653941856466897,1791,4128,2470
3710,51.2300789909517,-2.3959459626829416,1258,5896,2289
3711,50.445322834605506,-0.15999894069435294,1038,4388,1786
3712,51.9803217244553,-2.9853564775258974,1436,4610,1518
3713,51.02511463791517,-2.717869445329,1967,5207,2299
3714,50.01480236312342,-0.8021260378862829,1037,4931,2250
3715,51.3217014849178,-1.145141545885958,1550,5054,2096
3716,52.603054469021316,-2.5781023384063886,1520,4979,2284
3717,50.50423759583459,-2.5411722023095638,1746,5825,1652
3718,49.924139389849984,-3.235385114867203,1296,4392,1501
3719,50.717221085057574,-0.02950820953152533,1276,5176,2442
3720,50.36709588406654,-2.220823570516316,1612,4647,1837
3721,51.20768694005135,-1.2897726302097232,1431,4823,2031
3722,52.34426037115419,-0.8847328261911436,1228,4317,2196
3723,51.08021936265668,-3.2536469652603266,1279,4934,1896
3724,52.231973006161134,-3.235846977113297,1864,5721,1653
3725,50.960758169492514,-3.1957283416572264,1094,4608,1974
3726,51.60329235357095,-0.34754809852960333,1176,4105,2458
3727,51.345486518280886,-1.9994821556122135,1050,4290,2395
3728,51.11466446430036,-0.04608931366986058,1225,5670,2252
3729,51.20378703542007,-1.154716715142866,1244,5086,1798
3730,50.09361723627051,-2.357953740634246,1693,4990,1889
3731,52.18567134782676,-0.9594611543276352,1170,5897,2246
3732,52.15011025622004,-3.0963072021799714,1488,5551,2131
3733,52.193580471079784,-1.2852850074216389,1038,5649,2459
3734,50.803076371805886,-1.26542298631936,1118,5816,2006
3735,52.193498702252846,-0.44246418106780094,1419,4050,2484
3736,51.92691532915129,-2.0728107653945576,1202,5050,2185
3737,51.13670075074803,-2.0452925171264003,1699,5004,1523
3738,50.66051599824982,-2.0876016544351694,1148,4385,1694
3739,50.79475265735083,-1.3289354972078802,1204,4765,1805
3740,51.79100427667398,-1.919326386139531,1809,5055,1615
3741,50.85455875571887,-2.1587380337022304,1005,5599,1528
3742,52.111551324964864,-3.1707867218242476,1064,5957,1766
3743,51.30761314530595,-2.0514000163327784,1214,5659,1717
3744,51.02827727311372,-1.9634521836378602,1371,4130,2359
3745,52.22064484628013,-3.236238672071672,1179,5962,1726
3746,52.41763576150734,-1.876786687571223,1202,4189,2108
3747,51.06230229695097,-0.005614417055012755,1622,5368,1514
3748,51.66059707429235,-2.123645040502889,1700,4637,2376
3749,51.76457991608767,-0.05876433516172863,1107,5359,1594
3750,51.97254754295933,-1.9647252884505304,1672,4127,2417
3751,51.77135308840889,-0.701459100073508,1750,5283,2081
3752,51.07302135563255,-0.30808445493148806,1244,4759,1666
3753,50.108377171244,-2.1221968016006865,1989,5738,1649
3754,51.223998586762725,-1.9836237422347038,1567,4620,2043
3755,52.273087033956365,-0.4210207992598973,1273,5216,1770
3756,51.89297077371893,-1.541572041383443,1641,5842,1865
3757,52.60448136164327,-2.418288295246064,1330,5032,1857
3758,50.40506738066604,-1.8990549376299157,1189,4709,1547
3759,52.35334806134685,-2.5058784276553823,1305,5257,2177
3760,50.46274520069461,-1.01740015639739,1597,4571,1511
3761,50.036806304718304,-0.8424794411096741,1422,4604,1616
3762,50.083807995644655,-2.641189369429692,1331,4470,2011
3763,49.949784871349934,-2.718001149792908,1238,5997,1509
3764,50.14255881400631,-0.2594840709155215,1650,4436,2440
3765,51.50302049068302,-1.9531281736618682,1803,5553,2393
3766,52.172091379753816,-1.5353683758298036,1428,4450,1981
3767,52.5297342634754,-0.007667411233688082,1103,5236,2339
3768,52.23269993208819,-2.4182727339581778,1176,4400,1611
3769,51.11704029612265,-1.221962905148199,1014,5500,1692
3770,52.568586069388516,-1.7911620800656307,1529,5169,2087
3771,51.12165669897516,-0.9665420972851231,1178,5605,1946
3772,51.96881971774256,-3.02046832343684,1439,5306,1795
3773,51.25869692218986,-1.882389845554218,1508,5620,1899
3774,52.30882638715564,-0.8690722629288103,1658,5128,1876
3775,50.23045124825982,-1.9132607194916138,1742,5965,2177
3776,52.57117505687053,-2.245834989876089,1308,5141,2374
3777,49.92521862152028,-0.23337209028435346,1604,4037,2058
3778,51.59871620502381,-0.08123921781713239,1462,5208,2313
3779,50.84308574846177,-3.0988220155066326,1505,5399,2436
3780,50.059671484989856,-1.116259001333765,1025,4723,2337
3781,52.073178597836026,-1.4069733647359035,1374,4563,1790
3782,50.50762479189157,-2.4627197148220654,1056,5162,2230
3783,51.69281271882047,-3.043106646823178,1025,4054,2302
3784,51.96197286846529,-0.28155426270850814,1085,4013,2098
3785,51.12779067804908,-2.002155074829643,1465,4050,1906
3786,52.60903258203955,-2.973590825450074,1348,5072,1598
3787,51.60491866893279,-0.7759511517109714,1607,4029,1670
3788,52.38534686793858,-0.985627955533086,1598,4142,1816
3789,50.5953741388755,-1.3974391176531369,1928,5741,1865
3790,51.791658840851724,-2.2109842006014033,1082,5968,1766
3791,50.116966677667776,-0.02585310015199127,1391,5648,2119
3792,52.245284522969946,-1.4963018304452071,1602,4002,2370
3793,51.26768652782428,-2.755605163640052,1448,5200,1773
3794,51.846329770307854,-3.1630763464631833,1107,5748,2077
3795,50.44651681366025,-0.13701960398351298,1252,4260,1577
3796,50.0089630194255,-2.748369840943721,1785,5469,2382
3797,50.07352539309436,-1.0937450107036861,1774,4119,2390
3798,50.822411546593045,-2.456029353517236,1667,4219,2342
3799,50.022165170102085,-0.4365529679587512,1615,5412,2380
3800,50.926834610635794,-3.1353077591448497,1901,4181,1563
3801,52.43274093572515,-2.8326928208268667,1513,5703,2182
3802,52.554236938335606,-2.553852904079897,1211,4858,1918
3803,52.121666395300196,-0.3071210303288816,1257,4261,1679
3804,51.94488154384139,-2.1723467202180853,1568,5933,1644
3805,50.13092924419088,-1.829489076267846,1741,5749,2110
3806,52.10096584698486,-3.2264309334145373,1443,4994,1727
3807,51.883600399140356,-0.5390844185143218,1452,4711,2485
3808,50.61805470697953,-1.0438968639520065,1414,5217,2131
3809,51.36346226591247,-2.298103711058582,1869,4337,2441
3810,52.566297609290245,-2.9302712936790236,1733,4278,1867
3811,51.58064399663007,-1.6860814435241265,1540,5231,1527
3812,51.07587408804018,-0.8975130661592288,1724,5105,2229
3813,51.38476301016491,-0.7857273951809778,1203,5108,1940
3814,52.628961718104414,-0.5584584970485271,1045,5105,1699
3815,52.38503499962752,-1.1807326037512627,1186,5225,2042
3816,50.94017849400435,-0.40569216101212024,1185,4846,1845
3817,52.50216805759977,-1.3448341019355303,1951,4695,1686
3818,50.83371241763928,-2.6956987771477365,1054,4970,1593
3819,52.464962051781235,-1.8040518561492653,1524,4617,2288
3820,51.16591432456711,-0.06347753452774452,1422,4794,2386
3821,50.22578023353253,-3.176715233527755,1375,5163,2334
3822,52.418101144012574,-1.3628821666413113,1251,4705,2110
3823,52.51154053513993,-3.376865206051443,1597,4246,2275
3824,51.50675210446136,-3.1691395329934293,1050,5909,2390
3825,50.76652761374428,-0.724458977891361,1635,5647,1645
3826,52.21412440966893,-0.6271463908041186,1047,4042,2069
3827,51.86522270573754,-2.524128688688123,1648,4383,1741
3828,51.789242935591396,-1.5658111584849166,1434,4570,2310
3829,51.101369577194575,-0.502146475135949,1584,4528,1506
3830,52.23778435595932,-1.6405381418673677,1135,5288,1525
3831,52.16573538128296,-0.6512021189163506,1939,5922,2435
3832,52.35032681717914,-0.5960345982484894,1906,5394,1714
3833,52.4497528897593,-1.4284010381787875,1321,4838,2482
3834,52.48368546667197,-2.2332672131319065,1273,5581,2221
3835,52.58963074271305,-2.8496393607807744,1962,4943,1984
3836,50.88656707631226,-1.745934161137021,1201,4056,1638
3837,50.154488451991675,-2.2550880321955256,1616,4915,2334
3838,52.58654153037376,-2.882883024827059,1710,4682,2071
3839,50.60152938338788,-2.5689738728214553,1703,5516,1744
3840,50.91296256100679,-0.6022868266352557,1637,4356,2121
3841,50.72652416642313,-1.8680998418211163,1387,5331,1617
3842,52.3709472246608,-0.5298182057000451,1914,5829,1999
3843,51.14688243637528,-2.4757123445401596,1494,4848,2211
3844,51.1456753996274,-3.1884420662396984,1036,4272,1557
3845,51.384723181085064,-3.2547966114571314,1812,4627,2141
3846,51.732795376997736,-1.149185316437063,1276,5255,1763
3847,49.910193163722646,-3.014302801800478,1604,4734,2476
3848,50.392701627293825,-3.159975934464331,1668,4774,2072
3849,51.86299623403149,-1.4189318309334542,1816,4704,2096
3850,51.71500750174704,-2.5289966862098407,1595,4981,2026
3851,51.312635817357425,-3.189595971353014,1482,4064,1517
3852,50.889084099080286,-1.2407216780042796,1058,5387,2397
3853,50.226266157279674,-0.4124437573128983,1733,5749,2157
3854,52.38902989830267,-1.6548579379325008,1342,5386,2485
3855,51.50552062681167,-2.252529767566916,1488,5080,2449
3856,52.331374149022295,-0.4160193815225499,1370,5475,1512
3857,51.19339369188374,-3.0124455002419763,1528,5929,1949
3858,52.651191425558864,-3.0717753058798625,1211,5465,1922
3859,51.231654030074,-2.527203581745398,1927,4233,2151
3860,50.263693444669975,-0.2956534850234158,1573,4834,1505
3861,51.591540822690604,-2.5722941240151935,1167,4665,1551
3862,50.714330435465236,-2.0351034906376535,1043,5822,2171
3863,50.66980310639158,-1.7487640331276173,1620,5852,2209
3864,50.05809419182735,-2.2200811367653124,1148,5571,1543
3865,50.96647254810406,-0.12259648958179303,1187,4600,2316
3866,52.414715803101785,-2.1895528006494027,1452,5981,1520
3867,51.1374971926713,-2.4213320060756356,1541,5111,2483
3868,50.584217340760254,-2.3173355201673607,1552,4033,1670
3869,52.026966860138806,-1.6145461295022558,1714,5687,1956
3870,50.04322430358972,-3.224273223458205,1119,4061,1756
3871,49.94238269794766,-0.30489957688348923,1360,5569,2174
3872,50.2323483976455,-0.605566062157592,1711,5161,2373
3873,51.38721575533348,-0.9459006215357086,1779,5478,2002
3874,52.17425182644319,-1.6790136770494033,1089,4578,2370
3875,51.37957906311395,-2.1724617611615407,1686,4747,1566
3876,52.73490578230206,-0.07027293171993954,1707,4744,2351
3877,51.01525492828209,-3.125951086670072,1798,4372,1931
3878,50.05281223203172,-0.39907575673115536,1313,4774,1573
3879,51.139163449239234,-3.289216982200019,1410,5080,2002
3880,52.61559825473208,-2.2850784097352204,1048,5142,2262
3881,51.8975521029374,-1.1525842431327558,1479,5552,2111
3882,51.40557194783962,-2.432526452791385,1218,4211,2439
3883,50.18406872989866,-0.6660518235587713,1723,4110,2074
3884,50.45860016119104,-1.5391438417776886,1383,5160,2314
3885,51.251697717522404,-2.432312423257651,1161,5733,2001
3886,51.656636819775066,-3.0852687120156386,1221,4457,1770
3887,52.47232862362743,-3.074326989919568,1517,5459,2252
3888,51.88600518887017,-1.1042879977622344,1698,5095,2073
3889,51.19171224490181,-3.2629377443271483,1220,4433,2488
3890,49.90842346311116,-0.849118665372246,1390,5488,2017
3891,52.12773619090737,-0.08707881115982596,1557,5989,1914
3892,52.06833172533071,-0.10411233870348546,1462,4504,2137
3893,51.0651622447871,-0.7298711150661887,1921,4906,2095
3894,52.495072117939685,-1.5406101328688555,1726,5971,2192
3895,52.36731815063122,-1.9321220333090654,1180,5725,2079
3896,52.74243936528216,-2.15820273644823,1165,5126,2449
3897,51.091642716122045,-1.8314912121388183,1073,5154,1891
3898,51.04909675713974,-2.845674434201739,1072,4871,1762
3899,52.62434731830483,-1.0883329112234237,1872,4177,2493
3900,50.40448208076223,-2.202236068152935,1871,4172,2378
3901,52.04850157478188,-3.059283295061785,1664,4337,1673
3902,51.249798554042876,-3.2335858870612224,1834,5362,2259
3903,52.16153323759477,-1.4587496873031862,1523,4872,1934
3904,52.628170895721624,-2.4640986857242737,1464,5970,2313
3905,51.59736762206092,-0.964283529565221,1742,5285,1740
3906,52.36109221860993,-2.3154693329999425,1134,5913,2165
3907,49.94580996773678,-0.41812869896384,1030,5998,1997
3908,49.93148254686909,-1.694639794585075,1726,5345,2158
3909,50.88279855275934,-2.6220903136213822,1963,4135,2302
3910,52.70625975066392,-0.6467441613525837,1207,4837,1593
3911,52.60813423558592,-2.1422646279033577,1400,4280,1804
3912,51.215099447084775,-0.9243784359358553,1861,5744,2258
3913,51.39622065031607,-2.773921711138958,1525,5964,2344
3914,50.31243957039394,-2.6580516982817484,1756,4075,1607
3915,50.03461435224394,-1.561694357904105,1381,5982,2445
3916,51.88862592338273,-1.3656008452559698,1737,4767,2101
3917,51.112547397784276,-1.6459059365790982,1569,4991,1557
3918,51.94770216154831,-0.25639468559543444,1481,4591,2347
3919,52.390278547296056,-2.9204527817519232,1821,5477,1550
3920,52.658015130626794,-1.129367864205534,1287,5929,2242
3921,50.739239550527614,-0.36271574002797813,1869,5069,2344
3922,50.86344982383613,-1.7300264735972635,1777,4767,2263
3923,50.73570648452752,-1.610710235961047,1107,4371,1670
3924,50.47289767777593,-2.483358166190233,1471,4793,2136
3925,51.501192399092055,-0.03783261384680081,1591,4503,1927
3926,51.60650451989956,-3.1807840055318755,1445,4764,1983
3927,50.649959927161824,-1.060360182504664,1373,4166,2226
3928,51.27614181313308,-3.043026760350036,1675,4403,1950
3929,50.19452600591235,-0.7505349982393081,1779,5730,1971
3930,51.37712577760266,-1.201938805976606,1187,5017,2141
3931,50.63006386781705,-1.8620604396536184,1839,5395,2097
3932,51.47131606658736,-1.6781407047740797,1278,5644,2277
3933,50.65665547042231,-0.7831185189050252,1851,4629,1859
3934,51.32218396545897,-3.310060204809822,1392,5619,1954
3935,52.70329136944586,-0.2458365928838271,1134,5509,1955
3936,51.06299211353406,-1.404315649429116,1323,5914,2321
3937,50.01906665635964,-2.379680191026343,1418,4930,1849
3938,52.000736951403006,-0.9623849343542288,1807,5051,1830
3939,51.12759078453514,-2.9695155392775954,1385,5586,1607
3940,51.27022159861983,-1.9277263077395896,1712,4175,2150
3941,50.00664970644276,-3.330503343923515,1875,4376,2284
3942,51.86311288575482,-0.7243124653283552,1494,5924,1668
3943,50.947178145186186,-2.060362365740618,1548,5995,1873
3944,51.93992752751545,-0.9111228649433065,1011,5077,1714
3945,52.281735121719485,-0.05146695300878035,1340,5064,1802
3946,50.43314135998596,-3.3125277865599183,1016,4066,1528
3947,52.062369373686295,-2.723069771920935,1579,4055,2225
3948,51.64042973030046,-0.8334606326924896,1464,5373,1694
3949,50.822781898611645,-3.204299728911666,1978,5864,2120
3950,51.80764066506857,-2.8530732124899245,1145,5556,2389
3951,51.385260802932585,-2.3893194368795383,1827,5121,1745
3952,51.44875307482219,-3.2177683877896306,1417,4750,1694
3953,52.65210338474687,-3.167273382726114,1546,5482,1848
3954,50.629308504735036,-1.1049462573537245,1150,5562,2403
3955,51.209988519738296,-2.791044358650369,1058,4614,1716
3956,51.83152150272166,-1.539260660696254,1819,4872,1719
3957,52.082215097183195,-0.3520745179861575,1081,4554,1643
3958,51.65881587334812,-2.095215006178955,1035,4226,2291
3959,50.8638492074287,-2.2925132109745423,1606,5584,2148
3960,51.06275424081136,-1.3901587511169917,1719,4222,1743
3961,51.137796111784006,-0.0007985606737332951,1639,4486,1927
3962,50.64322691662711,-2.614700643579941,1560,4499,1794
3963,52.50955176738819,-1.818983972190576,1019,5186,1875
3964,50.5017512332344,-0.9885681249227773,1957,4001,1942
3965,51.39706981794974,-2.8031346293993367,1145,4210,2221
3966,51.8139321437457,-1.842168088152429,1469,4501,1549
3967,51.486981655249195,-1.897839696187942,1867,4366,2096
3968,52.790465596970996,-1.660672350094077,1887,4949,1945
3969,51.63832716771385,-2.7038772980428143,1101,4721,2042
3970,52.24023145862906,-0.4896439247337372,1838,5385,1785
3971,50.575924888292214,-0.07445042382093048,1936,4957,1743
3972,51.80156348501489,-1.509569274211831,1495,4919,2391
3973,51.787979115455414,-2.2353240493433413,1148,4197,1592
3974,50.641917768734366,-0.23465376432547647,1169,5015,2116
3975,52.425107484314196,-0.5019107808984367,1709,5276,2166
3976,50.178159019373965,-2.664484695651385,1326,5657,2432
3977,51.94817578209656,-2.5339781835240314,1491,5147,1780
3978,51.92288034401772,-2.0750560732780237,1227,4191,2291
3979,51.89662554820062,-2.458139722109934,1984,4035,2161
3980,52.590816238864846,-2.4806457283879144,1427,5342,2282
3981,51.109711514145005,-2.057152416388999,1466,5709,2283
3982,50.01240258084581,-1.5810794005915987,1120,4477,2213
3983,52.21415457062511,-2.4618109204120247,1689,4951,1926
3984,52.320895312613565,-2.877856464926579,1063,5159,1853
3985,51.41432263826535,-2.738016391918332,1518,5209,1975
3986,51.23448324202652,-1.2538021785955005,1605,4994,1631
3987,52.75988157841771,-1.5312358188697348,1311,5520,1539
3988,51.10328155121965,-2.8632721746241003,1001,4428,1990
3989,52.622350920923296,-0.12900364893443683,1553,4591,2415
3990,52.345198463061436,-3.0838826609538317,1490,5949,1500
3991,51.235393332110206,-0.6435629548727859,1942,4413,2487
3992,52.075695168590855,-0.7559611880506352,1891,4619,1649
3993,51.49752511886351,-1.0554084694661423,1295,5912,1616
3994,50.30686714281429,-2.8910134830449925,1014,4300,1679
3995,52.25188467788366,-2.6524595010310374,1022,4207,1696
3996,49.988861015313624,-1.3214658350740534,1658,4808,1962
3997,51.59946106657225,-0.6599605596055045,1315,5736,1930
3998,50.167013005374436,-1.790736163109275,1111,5821,2119
3999,51.850129447618095,-0.993929248874422,1807,5440,1731
4000,50.84992048754399,-2.5197697801080388,1109,4603,1609
4001,52.39524270881459,-0.6568599544936737,1078,5955,1896
4002,50.4871553976874,-0.8269303432703872,1512,5051,1726
4003,50.44022418836449,-2.00908754972814,1777,4484,1871
4004,51.63373097790699,-2.6352059298510073,1265,5089,1611
4005,52.55391491382733,-3.109288390046596,1034,5422,2046
4006,52.1284407687095,-0.8688108586689962,1072,4184,2231
4007,50.016941039365804,-3.319372779468389,1374,5540,2102
4008,50.91548217635551,-1.4522269358763404,1257,5838,1583
4009,49.90906731607787,-2.3093491324056497,1587,4986,1930
4010,51.95750322483041,-3.0080625444577307,1298,5443,2030
4011,52.627949655637174,-0.7456523443605834,1669,4939,1922
4012,50.14131825286392,-2.8467143804137147,1443,4782,1553
4013,52.58668506723455,-2.460945907023055,1642,5421,1553
4014,52.70727363625998,-0.973063570029014,1134,5042,1505
4015,51.09266347100958,-1.1816090757587325,1702,4262,1614
4016,50.07659368585216,-3.214240663980379,1213,4145,2248
4017,51.653752189806895,-0.811492429285432,1436,4257,2405
4018,50.804434145889545,-1.8155087189828014,1455,5539,2056
4019,51.08282944453013,-1.646088164984143,1836,4893,1672
4020,50.40893668193676,-3.0282828885620345,1307,5401,1717
4021,52.221713638207284,-1.766332537653337,1580,4250,1538
4022,51.384718258754745,-0.8560748224833103,1135,5422,2165
4023,49.95713666921226,-3.2636358535218633,1816,4141,2185
4024,50.74304108210174,-1.273305483210541,1131,4411,2178
4025,52.10889778135946,-2.556381718937486,1627,4306,2342
4026,51.46010411561913,-1.1272119024251919,1236,4795,1828
4027,49.902130215637925,-1.9642540260108576,1509,5967,2271
4028,49.94410485874879,-2.4620364291006998,1939,5889,1589
4029,52.39860138910786,-0.5445512790055314,1228,4524,1674
4030,50.60803846746536,-0.5517001211297772,1789,4097,2233
4031,52.74340302533191,-3.3315330045491467,1877,5139,1837
4032,50.63555205531372,-1.7733001200166973,1358,5184,2066
4033,51.145844364234044,-0.62770316151272,1410,4825,2279
4034,51.603710588445175,-2.7847715343852304,1612,4341,1806
4035,50.87788864315141,-2.774879461180495,1559,4281,1993
4036,51.11868747063636,-1.139280260549309,1248,4981,1736
4037,52.031625955252856,-3.3394423411196166,1242,4269,1923
4038,50.64272702012733,-2.3310717741644815,1452,4541,1990
4039,52.789686844587365,-0.6185080067302979,1258,4262,1640
4040,52.13266576411257,-1.7725609989491424,1591,5198,2247
4041,51.729161517427784,-1.0185798949402618,1856,4594,1875
4042,50.86147334965017,-2.4091427823566454,1325,5477,2461
4043,51.01028176506264,-1.2260242647111963,1264,5767,2265
4044,51.06688494036159,-3.1301608491259536,1429,5496,2156
4045,51.964125545653715,-3.012929427469506,1144,4279,1511
4046,51.64920577387216,-2.345915435774196,1347,5194,1933
4047,50.98776299154885,-2.724602539592064,1118,4102,2485
4048,50.27672527356396,-2.626332593375257,1157,4355,2037
4049,51.42314099614743,-0.31060307049689406,1212,5929,2400
4050,52.59588861391712,-3.1177529767215773,1061,5312,1775
4051,51.399448199507546,-2.6536085306649486,1216,5836,2101
4052,50.437435214218326,-1.0698516135051426,1172,5272,2474
4053,52.636200811203636,-1.4149839095208838,1681,4119,1515
4054,52.05329418591864,-1.3226883337812914,1164,4994,1729
4055,50.45833523884326,-0.3844502171939532,1862,5839,1862
4056,50.50989135894273,-2.813672428183057,1217,5001,2142
4057,52.087184563804676,-1.9032573252580194,1941,5533,2428
4058,52.6601688393392,-3.2432519028769926,1319,4313,2324
4059,52.70829697249152,-2.880930164937685,1764,4484,1823
4060,51.18677646666788,-0.12906030443952066,1824,5048,2381
4061,50.27990484820171,-0.967885031421075,1029,4242,2209
4062,51.346505236412156,-1.6688968611271822,1352,5100,2254
4063,49.95614997674909,-0.2142275420916473,1816,4576,2286
4064,50.84905765116829,-2.7693513796017686,1382,5290,2324
4065,51.95236643589802,-2.1467602189796104,1373,4139,2492
4066,50.83684133400108,-2.07146420077226,1920,4219,1668
4067,51.71990389918356,-0.643449954385424,1383,4562,2339
4068,50.265107353196214,-1.861692160355198,1538,5622,1726
4069,51.89295078171895,-1.861774242604662,1579,4844,1908
4070,50.278904902277326,-0.5197190616507017,1119,4674,2116
4071,51.53407487084785,-2.6256336580660093,1295,4033,1862
4072,52.787873189355935,-1.9636673994860008,1937,4314,2039
4073,50.43534279253796,-1.4248510929704075,1441,5650,1681
4074,52.1158967661464,-1.2644277808376558,1481,5339,2186
4075,50.08398050088273,-0.10207585866082836,1186,4128,1816
4076,51.132056280384745,-1.364976328853421,1058,5142,1987
4077,51.248467987130766,-1.4326014780917593,1015,4941,2026
4078,51.037689791554136,-1.8405760491890044,1733,5554,1553
4079,50.64267741564233,-0.8227732149150184,1682,4671,2470
4080,51.28640314582997,-0.4381403103915589,1286,4867,2343
4081,51.54523075336523,-3.1615901215441395,1588,5952,2049
4082,51.306672992449315,-2.1402220239783727,1870,5274,1865
4083,50.86635121481814,-1.3962616588953627,1079,5428,1693
4084,51.75483733031754,-2.6815869300100674,1811,4012,1517
4085,50.70743471098502,-3.1872431905861704,1891,5713,2175
4086,52.39213253916345,-3.396455579337511,1593,4677,1582
4087,49.91367613894304,-2.6251187362514794,1571,5995,1815
4088,50.680069215544584,-0.6316568359752224,1938,5352,1953
4089,52.42479536112995,-3.0227045840718265,1323,5498,2246
4090,50.767181803870706,-0.5810247069798371,1047,4489,2457
4091,52.62909505737918,-1.5603370674259036,1154,5360,2214
4092,52.74052288847455,-1.3567779367037653,1989,5176,2220
4093,52.07219004158366,-0.6771626019348793,1249,5413,1972
4094,49.926395474877935,-2.7170558878700612,1050,5544,1705
4095,50.737046992828965,-1.3937393539617458,1957,5909,2220
4096,50.176896935063205,-0.9314905846151902,1206,4492,1508
4097,50.77833822136026,-2.1998519416472395,1327,5425,2343
4098,50.70554622674639,-2.8979157625485317,1380,5629,2396
4099,50.95124730863061,-0.44284720205728645,1593,4724,2284
4100,52.37936043596272,-2.8758472798844927,1646,4247,1750
4101,50.864150497251195,-1.3166708149615256,1500,4807,2121
4102,52.40435960228464,-2.57145928089826,1175,5300,1595
4103,51.64362421875721,-1.0417786311639796,1342,4995,2245
4104,50.393362287562084,-0.11983218052858291,1545,4144,1549
4105,52.52109579605798,-2.2122666051485185,1503,5747,2323
4106,50.860800313247836,-3.04355475122962,1096,5143,2052
4107,52.45245984536118,-3.025446763770118,1782,4642,1635
4108,50.8384366308889,-1.4068597883343388,1892,4639,1930
4109,51.21508620988627,-0.7856496027639306,1491,5139,2202
4110,52.0999996993589,-0.41351255780178997,1724,4809,2458
4111,52.67918659192514,-1.7452994062929232,1444,5157,1774
4112,52.3930028525563,-2.9496339140383268,1892,4201,1526
4113,52.58668333902574,-2.6076398334246913,1509,5598,1926
4114,52.09716241298521,-1.8085294524494515,1791,5651,2055
4115,50.06817238534523,-2.5669799496194696,1177,5842,1579
4116,51.61397145429923,-2.1254297604390358,1748,5343,2190
4117,50.3762847665755,-3.079224603918331,1411,4777,2169
4118,51.05055950656139,-0.1024099850058926,1373,5462,2468
4119,50.02325327887394,-1.4032651548546216,1817,5165,2302
4120,52.377799211182676,-1.05560497315519,1641,4097,1913
4121,51.77696835712761,-3.177949495708652,1197,4185,2188
4122,50.07415014172734,-0.9701906260747051,1941,5972,1868
4123,52.587049270815015,-1.7170308114634627,1609,5398,2090
4124,51.010951733716134,-1.5789811744378295,1372,4135,2369
4125,52.735871388370356,-3.102266660209854,1987,5887,1690
4126,49.90393504240576,-1.9935692860243917,1480,5126,1779
4127,52.53192864602328,-2.854097899947393,1362,5139,1970
4128,50.01701968086741,-3.0625862501214938,1548,5761,1929
4129,52.66362885333353,-3.198011911575596,1570,5521,2481
4130,50.91735533691479,-0.5685973470137369,1977,5020,1536
4131,50.71753764459466,-3.2376227038784906,1877,5565,1684
4132,50.13957892786658,-0.7861641321419857,1381,5449,1682
4133,51.00292603664187,-0.8644167000316152,1115,4259,2319
4134,52.74768956665866,-0.9423961629574471,1299,4924,1819
4135,51.53908094508093,-0.06530457810038204,1311,4724,2454
4136,52.609082018930366,-0.32412581090979975,1717,4305,1701
4137,51.00657753029644,-2.080796918548713,1887,4300,1785
4138,52.328377315365266,-2.212039330328942,1214,5886,1561
4139,51.02761762117998,-0.7955802820398521,1396,5286,2109
4140,50.39226632277752,-2.473971053534964,1958,4664,2000
4141,49.9262149041239,-2.7172255664209692,1155,4548,1531
4142,50.889342196372716,-1.8451573120165183,1088,5844,2294
4143,52.57288620030163,-3.1168048313244245,1169,5843,1957
4144,52.16835921408141,-0.5887753654509318,1744,4802,2166
4145,50.33269296107987,-0.36860442752493006,1188,4810,1797
4146,50.749746511491914,-0.09342463507642185,1736,5544,2474
4147,50.36600416141322,-3.0349033446311524,1125,4822,2258
4148,49.965525181621224,-2.7469827297348406,1240,5134,1836
4149,52.454269531857264,-1.8402697199183362,1376,5664,1826
4150,51.563532815151476,-0.9923745534059747,1959,4394,2392
4151,52.006172635830225,-3.129576484599882,1850,5044,2283
4152,52.01408249052366,-0.7239448381507527,1883,4712,2055
4153,52.509379620838885,-2.8637345470285056,1977,5041,1948
4154,49.913284045764634,-1.918252006042845,1802,4750,2153
4155,52.059620380704146,-3.396350976820247,1305,5020,2411
4156,51.76729271398628,-0.40556946006760075,1621,5313,2423
4157,50.5839683929062,-2.286312548393646,1742,4722,2312
4158,51.21213804787512,-2.7196002460075634,1923,4523,1965
4159,51.87932382635842,-2.7756517453403076,1358,5467,1896
4160,50.30463565804701,-1.966164813846046,1673,4248,1705
4161,50.989075523915965,-2.7815996759943764,1530,4791,1844
4162,52.57064788316777,-2.184394870434292,1206,4968,2448
4163,51.93793618623536,-1.3392323715456733,1415,5510,2300
4164,51.8707243129702,-2.421661877788448,1161,5195,1730
4165,50.10226955268781,-0.9466959618109918,1406,5477,2012
4166,52.75553133695456,-2.290326475530314,1013,4088,1726
4167,50.3343898141002,-1.8470496658859312,1305,5633,2432
4168,51.94514049844258,-1.9193933990093772,1184,4171,1681
4169,51.79009880093241,-2.0542592523806684,1109,4699,1986
4170,52.6202098932254,-0.5337005317816361,1611,4060,1820
4171,50.71591661543599,-0.18773351322914333,1829,5172,2208
4172,51.12573520824266,-3.240656442246146,1899,5873,2464
4173,52.46810497859476,-2.3013949465568553,1460,4749,1525
4174,49.929711503270454,-1.4141733499335831,1933,4957,2119
4175,51.12092329668461,-1.4406729057169194,1313,4378,2206
4176,50.144409948749534,-2.364682114680396,1619,4451,2430
4177,50.22683950379635,-1.920143180361851,1422,5211,2329
4178,50.05980183954653,-0.48269535479174985,1856,4221,1896
4179,50.9469164669263,-0.3441220763275643,1806,5752,1766
4180,52.63977793136329,-2.890170858912813,1147,5039,2459
4181,52.19019758916652,-2.0784753408433754,1404,5715,2437
4182,51.7464510811009,-2.305485849328906,1096,5440,2500
4183,50.56931809839938,-3.3736155621643817,1733,4668,2127
4184,51.96225591601217,-3.0060383178280534,1282,4159,2375
4185,50.39721524426601,-0.8610283601372024,1962,5997,1918
4186,51.766696575578464,-0.9546793570713303,1347,5416,2094
4187,51.93196483228377,-1.3468190190477096,1516,4199,1601
4188,52.27863086110475,-0.7485906376702154,1200,4066,1916
4189,52.79733469245687,-0.20194979966541515,1272,5872,1891
4190,51.03592283952978,-0.5772975406375065,1400,5381,1717
4191,51.53066804557544,-1.9809868236864177,1343,4476,2059
4192,49.95469247195473,-2.3682808715394916,1065,4467,2086
4193,51.31901106811892,-0.8118390517853356,1228,4008,1591
4194,51.488917021437864,-2.3197795946606554,1997,5067,2458
4195,52.74704427054751,-2.8938966101035972,1400,4257,1567
4196,50.116786461599055,-2.8572264799934337,1118,5430,1801
4197,52.09550814471719,-1.1032796277848234,1700,4937,1594
4198,51.98566050287565,-2.166312026978235,1396,4597,1917
4199,49.90759342018905,-2.532016113825919,1818,4381,1506
4200,50.13691592569054,-0.6212047223007335,1530,5687,2034
4201,52.65034793139816,-0.28316670778304154,1225,4155,1994
4202,50.30608489471919,-1.5658398214340032,1573,4004,2244
4203,51.05215797788327,-0.9010167315408015,1587,4476,2325
4204,51.52766587663223,-0.06002553212678974,1920,5469,2399
4205,52.51409347239643,-0.7849247286418919,1765,5110,1745
4206,51.304424853601866,-3.2528846708407846,1303,5156,1955
4207,51.436759500782955,-0.30293440721578335,1350,4573,1744
4208,51.89877710296449,-0.8296539091782682,1918,5513,2103
4209,52.74247912193372,-2.5618687376321256,1568,4564,2480
4210,51.39724980483824,-1.3737138150203454,1999,5218,2053
4211,50.6862032732466,-0.2732895775489048,1623,4503,2149
4212,49.97413621772641,-1.5029190468565048,1609,4342,1560
4213,52.79349911401479,-0.30231006249163794,1509,4325,1671
4214,52.350220530196324,-0.34987746600855596,1632,4983,2226
4215,49.99863884624322,-1.1630984513911828,1963,4261,1890
4216,50.39099086859343,-1.676510922558109,1332,4067,1609
4217,50.65224501250101,-1.2406843104190672,1606,5229,1677
4218,50.33181578739246,-2.439516709607834,1623,5447,2416
4219,50.04895652094851,-2.945487498999032,1005,5277,1894
4220,51.73606037104536,-0.5620796724004542,1027,5706,1925
4221,50.23920423739443,-2.755462621928208,1276,5474,1679
4222,49.96659722993843,-0.15218010094647028,1970,5543,2386
4223,51.98573406838365,-3.187288707330058,1602,5841,2366
4224,52.00146640748631,-0.2159712156006881,1073,4261,1605
4225,51.90610253768222,-1.3306344247950794,1751,5702,1618
4226,51.0416504283827,-0.7975338697303251,1059,5434,2332
4227,52.680367334319804,-1.3700847291087528,1730,5309,2162
4228,50.89210729612307,-1.4746308408376327,1892,5504,1721
4229,52.18528127891114,-1.24476472405594,1123,4572,1902
4230,49.98708122654484,-2.6908937810492963,1798,5436,1667
4231,51.45567231595106,-0.4582067635744256,1816,5761,1545
4232,52.320558232930935,-2.6942529653068776,1254,5682,2122
4233,51.260485509256114,-1.1759330317334755,1710,5053,1982
4234,52.0656473255834,-2.8295911293011184,1866,4614,1991
4235,50.54238092748977,-2.720434466269261,1545,5623,1849
4236,50.31118325027241,-2.004211851894196,1209,4860,2380
4237,52.567703083809995,-0.4057079381708961,1740,4605,1602
4238,51.00584525970617,-0.6172240645402947,1704,4012,1620
4239,51.307522880224184,-0.39526493045494826,1391,4355,1541
4240,51.57054148247789,-1.0704430604586186,1241,5900,2406
4241,51.80737092575657,-1.4327914435294586,1228,4540,2328
4242,51.79159208305082,-2.401612659796582,1136,4363,1703
4243,50.8903798597959,-0.997247514234167,1540,4815,2140
4244,51.200041740817774,-1.6581129130952448,1671,4097,1639
4245,51.983578954436084,-3.159413039042522,1128,4724,1885
4246,52.37429898456999,-2.4419574160490374,1397,5458,2161
4247,51.80217469647288,-0.8182433529531794,1571,5575,2195
4248,50.51370388980003,-2.1001465108709736,1280,5059,2350
4249,51.47644807808611,-1.0385771279527085,1282,5181,2214
4250,49.94518901130563,-1.743720886067213,1953,4691,2166
4251,51.11675254255769,-3.3588847442093686,1093,5072,2331
4252,52.15221894041252,-0.0492129045531593,1739,4289,1897
4253,50.72526571519489,-2.82739404470874,1537,4488,2099
4254,51.51809828828845,-2.2676664491669247,1604,5267,1889
4255,50.045087329261996,-3.08751218904706,1846,5125,2308
4256,50.4614275827585,-3.357059642073578,1968,5193,1638
4257,51.9812265925985,-0.06889433636804743,1764,5109,1919
4258,50.9080188961708,-1.7397899845010127,1312,5462,2196
4259,51.588794029795686,-0.700557088829528,1263,4544,2097
4260,52.29949216866374,-0.7383930820546065,1711,4901,2214
4261,52.27721009704355,-0.1575220728082578,1306,5236,1695
4262,50.58879515637266,-0.292366380484788,1733,5246,1773
4263,51.934763451756204,-3.144240469131916,1670,4758,1553
4264,51.15849992505089,-3.2340570856253454,1254,5380,1796
4265,52.6390304524495,-2.918347181845388,1602,4360,1801
4266,52.48963466421491,-2.297765860781668,1474,5769,2398
4267,51.94108854457978,-2.3758511609158433,1589,4045,1537
4268,51.56597473250272,-3.109584214264513,1060,5331,2024
4269,50.74418832331294,-1.0251158406518424,1941,5999,2375
4270,52.081512698086286,-2.620486400765574,1076,4122,1608
4271,50.85049623605341,-0.6801120458256191,1446,4216,2395
4272,50.52615198209931,-2.897865444067514,1868,4158,2340
4273,52.41129592592985,-0.8692650041824885,1495,5841,1855
4274,52.629012002249794,-3.009133695050426,1621,4882,1956
4275,52.05915782222098,-3.352516778901768,1695,5079,1532
4276,50.77266338764823,-1.6647283667957244,1006,4548,2357
4277,52.4054807781602,-1.2422755073858087,1607,5311,1656
4278,52.09647931425366,-2.972849946660463,1956,5276,2313
4279,50.95315408401299,-2.0609404927868633,1854,4850,2213
4280,50.246704791928124,-1.5352471789561506,1848,4371,1790
4281,50.474594274750686,-2.153960106859791,1566,4978,2020
4282,51.31272103177258,-1.3804978862464283,1311,4433,1954
4283,52.30221328795614,-2.0016990217548787,1951,5054,1835
4284,50.04688042094637,-0.5177920321931353,1142,4838,1846
4285,50.4938513475263,-2.9114723344227404,1164,4451,2428
4286,50.9206622957323,-1.4138734768389576,1446,4510,1801
4287,51.13701159372819,-0.9505614154927016,1133,4591,1736
4288,51.47631617822389,-0.37762812585391226,1457,5562,2446
4289,51.04742137847034,-2.708787105783299,1867,5076,2268
4290,52.793745589176794,-1.7953778442518897,1172,5451,2333
4291,50.875362475704655,-0.07619281857720006,1883,4561,2420
4292,50.65246879336001,-1.9943667543725847,1906,4183,2433
4293,51.753219474403345,-2.4335590945650485,1263,4371,1693
4294,52.158910953877886,-2.321152125001385,1965,5235,2434
4295,52.46168209960034,-2.613203161639543,1791,4915,2423
4296,52.415537639762235,-3.258141391331551,1274,4101,2095
4297,51.47530673511698,-2.624851526161774,1311,4510,2129
4298,51.20069409010395,-0.3557080035622642,1812,5596,2010
4299,52.30156049816611,-2.8435705627223786,1215,4077,1998
4300,51.77999718342561,-2.3748779729581124,1134,5653,1505
4301,50.74376548011999,-0.7197859418904144,1494,5247,1557
4302,50.251443195793165,-2.227394172820392,1070,5430,2451
4303,52.36203800982321,-2.294238933949051,1438,4318,1912
4304,51.52045308895884,-2.762200451207681,1089,5752,2159
4305,50.795913357903714,-1.6403611101676228,1981,5142,1737
4306,52.40261133549117,-0.14484592355490689,1549,5488,2088
4307,51.56745257530359,-2.075611916818256,1296,5728,1917
4308,52.51764214864861,-2.5377187370323115,1207,5729,2108
4309,51.95497317921045,-0.9725414469016918,1062,4332,2306
4310,52.55453115411301,-3.1699248932538993,1614,5027,1587
4311,52.73695899607584,-0.7859879956543931,1089,5144,2095
4312,51.13215989589361,-2.9207396440872686,1241,4454,1725
4313,50.19649686449784,-2.3596165819420953,1178,5457,2482
4314,52.728019051513385,-2.7417123593981514,1412,4134,1997
4315,51.03275938634669,-0.5924191684859261,1580,5789,2248
4316,52.76927287752098,-2.8314272656678825,1730,5585,1709
4317,52.34280332205908,-0.5150001200039425,1006,4840,1712
4318,51.76462918816535,-1.446023466868372,1666,4620,1866
4319,51.48342510409655,-2.8477448162826073,1676,4255,1894
4320,51.07882755977132,-0.5122693492588599,1140,4531,2311
4321,49.91934600285434,-2.5458234639323902,1300,5406,1998
4322,52.275229617787126,-0.24852463347124853,1660,4750,1976
4323,50.565750495250526,-2.8869009979978357,1347,4363,2021
4324,51.43664985058059,-2.370230382109603,1271,5010,1761
4325,51.122107365049274,-1.9361158332777435,1552,5988,2500
4326,50.98246380604558,-1.906913707862158,1862,5997,2186
4327,51.910061499994114,-1.5174321210582573,1704,5186,1936
4328,50.1059623090828,-3.0478639691822793,1838,4861,1558
4329,52.66426583267916,-2.234280288192709,1784,5557,1650
4330,50.786438701751685,-0.43020115685752947,1481,5856,2013
4331,52.36980143864537,-1.6978598926867532,1466,4011,1896
4332,52.001684017322724,-0.2943369705725316,1149,4695,1613
4333,50.39548154420244,-1.0864741648038558,1145,5010,1642
4334,51.24100446189128,-3.0985151308980403,1347,5513,1727
4335,52.38589128582822,-1.128513203784017,1397,4506,1832
4336,50.1143271923066,-0.23289568085714407,1647,5740,2082
4337,52.54805929645795,-3.228628573817306,1500,4734,2391
4338,51.90664042390141,-0.48773950470913663,1280,5229,2005
4339,50.30039397589197,-0.008285647400056995,1478,4014,2063
4340,52.647333377326554,-0.6012963401175186,1090,5724,2228
4341,51.062262687988536,-2.673302827986553,1586,5738,1766
4342,52.778417976881,-1.942077633999604,1304,4507,2132
4343,52.7476755277952,-2.0171412799612174,1763,5134,1949
4344,50.67462866827026,-2.8035335267352477,1525,5212,1934
4345,49.97737986459002,-3.2983137391106387,1818,5836,2286
4346,50.12659840384432,-1.781068728188465,1295,5160,2173
4347,52.7942825719115,-2.5043550931842122,1855,5039,1910
4348,51.33922052665038,-2.4400763581934934,1827,4513,1824
4349,50.07488069913781,-1.4210325468443565,1592,5914,2218
4350,51.28082468353369,-3.0041481894113824,1824,5184,1986
4351,51.358905270865726,-2.2369080895461755,1646,5487,2041
4352,51.352598887257685,-2.3231822081776365,1262,5071,2490
4353,51.652133453933914,-1.6758208252507023,1212,4918,1858
4354,51.13601952866213,-1.8214698261337139,1604,4207,2476
4355,51.739985076488324,-2.08543984339014,1221,4321,2365
4356,52.52234114831483,-2.362775130613186,1657,4122,2166
4357,50.30058169007501,-0.7452043439696374,1407,4202,1588
4358,52.33365455193417,-2.46512016524688,1577,4506,1804
4359,51.15218855536233,-1.2437547374374542,1875,5089,2308
4360,50.802875181927284,-1.3944514630830183,1600,4891,1659
4361,52.787365701727836,-1.83260320309089,1264,4910,2327
4362,51.217968179837726,-0.10468634524852716,1161,4623,1802
4363,51.842611927339796,-2.5263160499360247,1466,4268,1821
4364,51.79957097795244,-0.10859576734578891,1541,4178,2110
4365,52.214397563887964,-0.4272068005815246,1393,5949,2168
4366,50.54737747893463,-0.05208475646565258,1365,4338,2418
4367,51.517434597069325,-1.3632273716136858,1454,4439,2247
4368,51.94891000926263,-0.06514849538112033,1525,4492,2202
4369,51.72791679843671,-1.5145048802025256,1365,4331,1505
4370,52.49785044472273,-1.024008003270637,1821,5680,2197
4371,51.31817913349276,-2.2448895293511493,1345,5252,1892
4372,50.840543279139276,-1.5827990944706498,1223,4409,1891
4373,50.244910402494874,-2.7262829260850103,1765,5311,2206
4374,52.74590792490281,-0.19410096933071586,1121,4723,1847
4375,50.25585735728251,-1.433359125887172,1009,4808,1911
4376,52.67497920486211,-1.5427841189457534,1095,5844,2184
4377,50.924863616607865,-1.4169323687308426,1536,4306,2406
4378,51.62620413316097,-1.6799931455591743,1123,5837,2218
4379,50.52531402828349,-3.014007489747461,1628,4736,1700
4380,49.983919291983774,-1.026345334241792,1850,4823,2136
4381,50.48445066941505,-0.3100807161080912,1710,4455,2168
4382,52.094381536735185,-3.3764414431886434,1279,5696,1826
4383,50.93463725281709,-2.2403872728502776,1078,4521,2392
4384,51.756097314195124,-2.107074931014137,1854,4472,2330
4385,52.52839259781047,-0.3734787727391824,1252,5600,2183
4386,52.63154432674515,-1.4109176392508223,1785,4542,1655
4387,51.96449815571336,-1.562122412755463,1595,5192,2309
4388,52.34411998083983,-0.005250798800946033,1364,4104,1755
4389,52.21681974024112,-0.6046551885754954,1141,4713,2361
4390,51.22788996918848,-2.898331249467008,1452,5631,1883
4391,51.61932168086455,-1.0410242779984782,1207,4617,2187
4392,49.98669137260086,-0.4642603574988602,1703,4089,1694
4393,50.838816971450235,-0.1349877585275956,1459,4504,1653
4394,50.54556923680237,-2.785681456499485,2000,5431,2441
4395,50.69392654367515,-0.08212928017874876,1668,4560,2275
4396,50.545544199208905,-2.5683763550653995,1187,5428,1793
4397,51.184636069833864,-3.1023145213086085,1866,4019,2044
4398,50.09898241054499,-2.384354495545541,1601,4019,1919
4399,50.18924458677609,-1.6662301281469751,1815,4229,2336
4400,49.96620903372354,-0.8081775885426747,1732,5301,2117
4401,51.10956986968374,-0.8041698687076231,1106,5731,1818
4402,50.176763776873756,-1.9142921667872705,1169,4718,2048
4403,50.979362183125694,-1.618661778982355,1070,5261,1876
4404,50.12512296589735,-0.3289828862181534,1143,5502,2437
4405,52.33230492078105,-1.6385883470532012,1523,4576,1590
4406,51.945783784521666,-1.7946000829535722,1946,5828,1977
4407,50.745236287799514,-0.7400122422530702,1944,5865,2089
4408,50.526254285747726,-2.9172995963665467,1847,4379,2331
4409,51.729676423310046,-0.8339181479854076,1690,4893,2044
4410,51.237320858286445,-2.679603194854428,1534,4259,2090
4411,51.170502948520884,-2.0264107056435385,1868,5157,2477
4412,50.04686548842787,-1.2845694703130075,1291,5270,1606
4413,50.44599673320509,-2.2032569379584173,1048,4130,2311
4414,52.35182105584543,-1.3512325459731245,1134,5645,2315
4415,51.36503495287505,-1.8460126964074446,1701,5425,1590
4416,51.269999350773006,-0.897822887980416,1181,5744,2184
4417,50.3496986306449,-0.10195581752191352,1547,4571,1664
4418,52.098702788376414,-0.7687706852143696,1713,5397,2405
4419,51.24483639558176,-1.127296777886733,1722,4715,1738
4420,50.65607244324073,-1.7332493367771082,1501,4200,1925
4421,49.932311486467874,-0.8224138280762641,1889,5543,2194
4422,52.73595320859447,-2.6564650966969285,1710,4402,2077
4423,52.022537423296086,-1.101436347597335,1018,5724,2149
4424,51.00758271454821,-1.1541610144988779,1995,5352,1935
4425,52.04820818012061,-0.22317925871234134,1446,5350,1954
4426,52.788642835134745,-3.1868786899507944,1988,4886,2284
4427,52.77909826227549,-0.6721906138434535,1185,4236,2363
4428,51.87073845300326,-0.2495710151143733,1932,4874,2422
4429,50.02465393835313,-1.4823983614491991,1205,5028,2246
4430,52.070726704219425,-2.6378485546901063,1122,5452,1996
4431,52.54726378939539,-1.370678442638241,1958,4572,1771
4432,50.84915458531058,-0.8147982912033855,1847,5609,2282
4433,51.91602066883443,-2.8682727341615606,1791,4617,2314
4434,51.42283346819443,-2.8999197345014416,1086,5708,2416
4435,52.32162279149756,-0.6133632475828716,1377,5965,1847
4436,50.83426369001652,-0.6746851003752794,1068,4487,2249
4437,50.98890933546453,-2.8560606946975167,1796,5783,1548
4438,50.61355428604641,-1.6577814751593916,1177,5968,1682
4439,51.68697504777552,-1.6471985419695707,1538,5710,1912
4440,50.05101517657507,-1.509192663418162,1504,5945,1519
4441,52.24259480393387,-1.7258206876990598,1160,4382,1596
4442,52.65541603941351,-2.5654727502335,1589,4504,2336
4443,49.97482094197329,-2.3028224667532893,1642,5267,2149
4444,52.522804767369585,-2.070735730718659,1496,4501,2336
4445,50.30636591011297,-0.3594278533505997,1193,5289,2351
4446,50.73920795110421,-2.0509454775201164,1527,4361,2496
4447,51.24797082434098,-1.6129528348979594,1751,4050,2455
4448,50.14845619421282,-1.5225349673150892,1985,4028,2113
4449,52.128983008140935,-1.9179378161185747,1516,4934,1895
4450,52.37971974010973,-1.6219292561766483,1656,5372,1950
4451,52.1633431003664,-1.1307390137244746,1842,5774,1914
4452,50.67751441383958,-1.3390174302157738,1512,5926,2175
4453,51.92664517715956,-0.9697507350222936,1210,4972,1743
4454,50.439538592496625,-2.0171423766377163,1421,5764,1612
4455,52.6819945079937,-1.4648354143581155,1771,4507,1819
4456,50.564582186649325,-0.08032182837024227,1982,5944,1902
4457,52.00443134826574,-0.38838331400788606,1027,4588,2248
4458,51.26819433451172,-1.0032848105798786,1667,5929,1810
4459,50.24494138619708,-0.20620174560146376,1599,4868,1746
4460,50.28697332395857,-1.207688220104243,1869,5771,1873
4461,50.43795482821872,-1.294868946580301,1438,4445,2413
4462,50.918794973414585,-2.825584944561889,1890,4389,1542
4463,52.11902653587949,-3.2949903733200134,1776,5365,1550
4464,51.43846325838825,-0.4305005796513903,1580,4906,2133
4465,50.0730495468037,-0.9032320034427133,1272,4825,1802
4466,51.76925512382448,-0.12858199080247434,1149,5535,1930
4467,51.530678760019626,-2.666917537522971,1823,4548,1786
4468,50.83360533666561,-2.955867426809435,1470,5840,2462
4469,51.6652696745018,-2.4846352085434673,1712,5357,1599
4470,50.777652537412955,-3.2264369522229432,1596,4638,2407
4471,50.468594748941136,-2.707653412792592,1853,5707,2358
4472,51.752938626508254,-0.5814490414907403,1026,4957,2438
4473,50.51487861286259,-0.3493666981776755,1729,5399,1770
4474,50.22305563529848,-3.0567619691299495,1227,5623,2319
4475,50.275860072582404,-2.5248029463406363,1625,5370,1788
4476,50.328618290495854,-0.13002320523367317,1278,4380,2077
4477,52.79880365282618,-0.746881393112647,1066,4042,2203
4478,51.53762998810547,-0.28987706472393704,1500,5519,2242
4479,51.495005899845964,-0.33200851463721515,1071,4805,1765
4480,52.59620515947866,-3.011541869527221,1042,4605,2455
4481,50.22905535152616,-2.632053395138901,1043,5822,1706
4482,52.20915746277086,-1.0518389825331176,1695,5525,2020
4483,50.13468384116929,-0.8669113287481647,1448,4892,2350
4484,52.11710519934772,-1.3629063095906582,1481,5079,2014
4485,51.52963566386155,-2.3270741084506463,1163,5322,1777
4486,52.00565802696569,-2.189879769099523,1213,4943,2032
4487,50.893886747914706,-2.472468827173205,1788,5146,1984
4488,50.90284673036955,-2.8165131482757433,1181,4229,2023
4489,51.27821768537523,-2.104544706782216,1884,5936,1528
4490,50.658180464338024,-0.7700718011638936,1776,5565,1713
4491,49.93951670183521,-3.1420194077317176,1229,5479,1782
4492,52.05382408496679,-2.2835771253713926,1802,4969,2070
4493,51.84732329192662,-0.7337451174375382,1322,5168,2396
4494,52.440437472762014,-2.3402001641911596,1602,5398,2461
4495,51.05769116261028,-1.2975672441246995,1698,4812,1555
4496,50.06579072522096,-2.3680362578888157,1208,5871,2365
4497,51.66040781005171,-3.0103055793129276,1516,4778,1837
4498,50.83949269417911,-2.2383292576197715,2000,4604,1549
4499,50.98851051160325,-3.007629569700094,1119,5464,2040
4500,51.25718059676811,-0.4764421451225913,1693,5415,2036
4501,50.53061844558618,-1.6069765473344964,1182,4123,2121
4502,51.79267919232027,-0.1480436767448432,1099,5827,2097
4503,50.35401451922573,-3.2109657092854693,1316,5661,2319
4504,51.915092470747574,-2.444667507409945,1948,5544,1622
4505,51.24547920213952,-2.3744837120238325,1361,5038,1974
4506,50.08572555489696,-2.3328601722293203,1862,5579,1587
4507,51.462031234351244,-3.3387747714607903,1499,5290,1636
4508,51.62973069348986,-1.9790076421459288,1490,4256,1916
4509,52.477184284200284,-1.2089169787949885,1683,4899,2244
4510,52.392848719605944,-0.18821397682629826,1441,5525,1893
4511,52.737898219374244,-2.2859606982724205,1733,4991,2075
4512,52.2464341065746,-0.6151900337727318,1561,4809,2117
4513,51.55126926404754,-1.6315396691204689,1335,4726,1532
4514,51.222741695506954,-2.5587858922077213,1933,5880,1620
4515,51.84220187690522,-0.045121327415559076,1605,5786,1523
4516,52.669364021687635,-0.5085110571286267,1302,4129,2485
4517,52.46286502663437,-1.3431214697635872,1905,5632,1943
4518,50.67258992970117,-0.8399790843429407,1955,4646,1675
4519,50.74410388587976,-2.2201487496307974,1795,5532,1534
4520,52.57186634749582,-1.0915134863485,1379,5143,2310
4521,50.672667935222385,-0.02395199163332018,1377,4125,1513
4522,49.99629194139835,-1.4002744402992398,1818,5822,2232
4523,50.44525232162233,-0.03456854192072756,1063,5285,1970
4524,51.71879749596769,-3.084352666972954,1692,4233,1989
4525,50.68872603116354,-2.8006298199272233,1215,5897,2432
4526,52.4278760272897,-0.7475299958975281,1075,5350,1843
4527,52.23155530738917,-2.6343500417878225,1749,4993,1821
4528,51.92963826538306,-1.665112687929536,1905,4055,2382
4529,50.260152323159645,-2.7516236489323065,1012,5067,2488
4530,52.63075142299414,-1.7258822725797223,1102,4653,1708
4531,49.91786256973483,-2.1471612901673183,1936,4223,2095
4532,51.529333486278105,-1.4856816008656304,1151,4752,1670
4533,52.51116274171079,-0.704871783971754,1286,4380,2289
4534,50.54788618764732,-2.146574517403428,1197,4277,1631
4535,52.747003041542676,-2.4741563707600545,1004,4677,2421
4536,52.678321131437905,-2.245159838232385,1171,5094,2494
4537,51.0197531910331,-1.7285022005980528,1315,4956,2317
4538,52.516101582088986,-0.5599796460360262,1090,4405,1814
4539,50.16345014820701,-3.277030458276909,1465,4017,2362
4540,51.019177621769806,-1.905075131836532,1615,5520,1592
4541,50.49764222219837,-0.266201236668528,1334,4891,2095
4542,50.782617688268544,-2.4151897236379574,1504,4212,1958
4543,51.38034951448834,-3.0894371856845293,1417,4032,1613
4544,51.04293214719156,-2.383323700710099,1707,4798,2208
4545,52.01460527883905,-2.0618181480903557,1427,4413,1891
4546,51.831836583048265,-0.9515537259316642,1032,5099,2367
4547,51.78080695361608,-0.30486170925424316,1896,4853,1739
4548,52.35398285636227,-1.2379047592104233,1747,4681,2476
4549,51.15309420605499,-0.4843113361450251,1916,5545,2249
4550,50.096698292733805,-2.5860452752179515,1338,5171,1562
4551,51.797333424810844,-1.4483564520035388,1574,4914,1965
4552,52.08868153007934,-2.7451277097348794,1166,5741,2160
4553,51.579030377650284,-2.696241953449484,1853,5253,2136
4554,50.12320805214604,-1.0260142921820563,1730,4505,1790
4555,52.249998072594984,-0.6617560220759886,1119,5495,2418
4556,52.71478740020385,-2.0318480832898373,1209,4201,2163
4557,51.662273645451656,-1.5296861449722412,1825,5010,2007
4558,50.87630977795787,-3.1314220578513745,1502,4464,1567
4559,49.95530619888895,-1.961125741432424,1519,5594,2258
4560,52.5044937579953,-2.7467579052576347,1037,4253,1645
4561,51.30345442591011,-1.5329222170763748,1265,4598,2377
4562,52.59200158740024,-0.5892703965038564,1092,5650,2423
4563,50.8513049261572,-2.020837376899644,1453,4684,1674
4564,51.53968613728726,-1.8146140181140922,1004,5792,1764
4565,52.75052728930565,-3.281833629469192,1656,4373,2145
4566,49.95070835477869,-1.9873221898780091,1564,5268,1661
4567,50.66022901151089,-2.62637374793478,1025,4036,1732
4568,51.88819033069877,-2.720975379562258,1436,4669,1594
4569,52.618011690373436,-2.8502082799681894,1314,5991,1510
4570,52.21883209661525,-0.7609638664498233,1386,5023,2033
4571,51.14878251684377,-0.8508395060577989,1383,4157,1540
4572,52.760393106094206,-2.3254112454961393,1826,5838,2249
4573,51.57340915877037,-1.3339338071006233,1253,4510,2250
4574,50.25255504114602,-2.503255170111019,1778,4284,2081
4575,51.97661857563596,-2.8072363098368127,1257,4983,2183
4576,52.58335294925831,-2.67439999798721,1102,5464,2234
4577,52.46529369106164,-1.0303660119126312,1310,5459,2065
4578,50.28189981583063,-0.7073224380330001,1113,4042,2247
4579,50.13123920576636,-2.572478684879381,1462,4771,1932
4580,50.81842553132394,-3.045085478072966,1309,5420,1752
4581,51.765161959925514,-1.8542964943603701,1572,4867,2367
4582,50.37137059041413,-2.86332326183546,1673,5141,1686
4583,51.27621599051171,-2.1233346595770204,1093,4815,1807
4584,50.30983970280894,-1.8098474619181726,1244,5414,1806
4585,51.113911477992126,-2.6846846566876996,1784,5208,2066
4586,51.91552330226773,-0.7799905540164311,1619,5927,1784
4587,50.0290927095165,-1.9950543526216808,1981,5132,2362
4588,51.24642747754896,-0.7246967572709329,1042,4257,2389
4589,51.42560049878664,-3.0112026483595873,1586,5645,1945
4590,51.783673793863294,-2.5794720906231814,1452,5032,2208
4591,51.32777405664743,-0.6328031656877173,1691,5351,1502
4592,51.55469339896818,-2.1277411405649813,1633,5985,1625
4593,51.81919851887391,-3.138640627585866,1490,5560,1847
4594,50.72942078736483,-2.2930704136627504,1630,4901,2206
4595,51.18069913360311,-2.177104273362776,1219,4763,1735
4596,52.50459671204976,-0.43850530073876026,1064,5372,1526
4597,51.900613955597436,-3.057424523515076,1396,4422,2416
4598,52.498775435200045,-0.5294854415240517,1540,4004,1674
4599,50.78035182172718,-1.9916215183179262,1424,4944,2232
4600,51.01828968292249,-1.6740017750667466,1495,5407,1973
4601,51.50317632545566,-0.8781003838950534,1179,5628,2201
4602,50.01275551341145,-3.1150755326393402,1947,5845,2171
4603,52.00816437032603,-1.96613094563039,1750,5772,1769
4604,52.71835177312818,-2.830570348494548,1649,5206,2230
4605,50.102298282923144,-2.81960119446058,1739,4596,2405
4606,52.264398462910684,-0.39612724784379116,1046,4249,1963
4607,50.809151875876275,-1.812586610625493,1320,5554,2128
4608,51.62947900580206,-2.665635646374633,1850,5110,1878
4609,52.44620469316276,-3.2565691454114356,1438,5111,2271
4610,50.103842220751574,-2.779915318473553,1429,4023,2257
4611,51.54587538302412,-2.802803798632108,1298,5147,2401
4612,52.73609231991972,-3.360248140467891,1969,4397,1583
4613,50.14800314687467,-0.4130187051919738,1581,4215,2069
4614,50.348045748876714,-1.4146487282247888,1379,5911,2070
4615,50.81354901453211,-1.348195332987316,1411,5426,2076
4616,50.20610218397044,-1.9414602311794833,1784,5765,2500
4617,52.560676831669134,-1.7692750659638545,1613,5069,2066
4618,51.805816798183685,-1.5691217725784083,1079,4224,2229
4619,50.513457346137216,-1.51029217422005,1352,5829,1628
4620,50.89654874470024,-1.7693909544199973,1049,5633,1500
4621,52.182023961502324,-2.2182438341029167,1442,5805,2262
4622,50.66950301117454,-0.33597409914505283,1742,5611,1745
4623,52.71292348254926,-2.5521202564169316,1224,4628,2051
4624,50.14105462773945,-1.8540386906765765,1556,4013,2407
4625,51.932022595894395,-0.6758885752480346,1460,5373,2324
4626,51.791870303845236,-0.3587522702351027,1408,4024,1937
4627,50.06162639438,-1.6787783491478494,1279,4058,2254
4628,50.49486654407316,-1.0462852178309658,1103,5814,1564
4629,52.79332829999208,-3.1647155989026787,1666,5428,1704
4630,51.42878119462588,-0.10693585269709605,1657,5898,1682
4631,52.00901309942191,-1.9350138334381932,1258,5331,1855
4632,51.20378187573024,-1.032937072366463,1158,5715,2486
4633,51.20444863025698,-0.1145896281479879,1597,4957,1782
4634,51.01011742226589,-0.59823541879486,1809,5038,1575
4635,51.59972039083595,-2.7694071288288282,1195,4115,1919
4636,51.23100017249899,-1.2689410129893282,1821,4688,1987
4637,51.855960159741265,-1.5952113279795206,1995,4750,2268
4638,50.57430841800531,-0.03311274313614421,1461,5796,2274
4639,50.39784441766724,-1.5069074893410879,1757,4066,1598
4640,51.51060417789711,-1.1422016509907924,1524,5738,2063
4641,50.14887791438148,-0.1771232951021311,1560,4710,1527
4642,50.04863207060907,-0.16748709316142163,1771,4885,1760
4643,52.06673541048442,-2.3521692950526782,1099,4083,2193
4644,52.760898888978176,-1.5699592468441599,1480,4207,2456
4645,49.905430818522944,-2.255531119142105,1422,5819,2434
4646,50.564463832396754,-2.773100458948068,1022,4805,1874
4647,51.861809678945065,-0.7455787003007779,1473,5751,1830
4648,52.309597153172334,-1.0155701493171376,1150,5583,1933
4649,52.732944806417436,-2.366540520765625,1241,4144,2436
4650,52.121772422334075,-2.7721839356383158,1225,5745,1534
4651,50.37711959713737,-2.5916997146831555,1803,5337,1560
4652,52.42791650101631,-0.8984814678385926,1603,4044,1759
4653,52.035967587369306,-2.3880697662812227,1668,5536,1612
4654,51.11629054257617,-0.009171089130772359,1132,4927,2045
4655,50.6050671072228,-2.7684359643837224,1475,5383,2097
4656,51.95651677136366,-3.354692165216821,1691,4537,2132
4657,50.30828657403205,-3.277339364228038,1308,5430,2071
4658,50.05991507153522,-2.3447116881335384,1542,4857,2257
4659,51.28492732453084,-0.06308566601940191,1505,5285,1554
4660,49.95137789160709,-0.5362529245935774,1716,5078,2152
4661,52.37228828496202,-3.094111100579478,1051,5621,1636
4662,52.16524535669932,-0.14834296003102576,1718,4088,1849
4663,51.75578320980102,-0.7214604187089724,1021,4260,1520
4664,52.02798510833607,-0.5209201645183601,1661,5574,2434
4665,51.68839526028806,-1.9298409177044769,1214,4470,1634
4666,51.31923372530538,-0.5321951215574723,1956,5986,2119
4667,51.92912344072214,-2.5126874777026016,1366,5477,2118
4668,51.04616677718177,-1.36396991687046,1684,5311,2228
4669,50.1487767414984,-1.5489595815718018,1084,5568,2308
4670,51.64709156453665,-2.8063300302350873,1189,5758,1825
4671,51.17274127237085,-2.8108075145215903,1355,5278,1774
4672,50.73438278605432,-2.186369025349919,1785,4402,2245
4673,51.21929105991951,-1.9282724899244221,1635,4223,1551
4674,51.084043798786695,-1.3292028067339507,1844,4810,1682
4675,52.116824892335956,-0.5367411547488317,1829,5429,2239
4676,51.01514764400649,-2.290481009748307,1005,4304,1882
4677,51.642715581150554,-3.3861734979252547,1987,4584,1709
4678,51.98735151618639,-0.5465880975861848,1351,5888,2346
4679,50.12509713634601,-2.158692254402098,1874,5917,1513
4680,51.61098492572068,-2.070046292702436,1853,4023,1723
4681,51.22715086787316,-1.232712456094498,1569,4085,2328
4682,50.520867372738024,-0.2943485038668987,1625,5783,1603
4683,51.60374673258299,-2.6092532105284185,1512,5895,2371
4684,50.384226613819294,-1.0526561660689064,1458,5762,1849
4685,52.57199817765401,-0.4845170293164105,1581,4320,2383
4686,52.6073658268721,-2.673903210533455,1060,4407,1746
4687,50.75243402952119,-2.8558610627293963,1560,5760,1938
4688,51.90789969371798,-1.365753826503568,1412,5162,2223
4689,50.87799488063132,-2.941232121888855,1835,5816,1995
4690,52.605072336173826,-2.456523438731569,1301,5970,2172
4691,51.39521574683185,-3.1848015964487586,1618,4985,2022
4692,51.84828952813645,-2.307904795346248,1054,4787,1926
4693,51.9740422182671,-1.461494946380351,1815,5583,2224
4694,50.449614295020396,-0.5019054893206256,1342,4594,2396
4695,52.5946966794914,-0.47700750898233446,1004,5229,1643
4696,52.49545410021689,-1.6629100905305267,1931,5242,1881
4697,51.706804183155775,-2.0001894656656054,1915,4971,1833
4698,51.92988999667339,-0.7000500267643988,1931,4979,1548
4699,52.14329941906201,-1.2088918855579616,1202,4298,1911
4700,50.70121196682926,-0.9044297346623251,1645,4102,1765
4701,52.106491997198056,-0.20294594976874025,1226,5890,1994
4702,51.35585260902489,-0.271192663100404,1681,4336,2155
4703,50.096852915254836,-1.372872597967321,1007,5823,2369
4704,50.41144424205923,-0.018754941614870013,1497,4573,1798
4705,52.00119065380514,-1.2974528575156188,1156,4413,2126
4706,50.64427485414513,-0.44039132732870456,1775,4381,2489
4707,51.9590157579726,-1.8027323860296203,1271,4943,1724
4708,49.98761688420311,-3.3693600238386363,1127,4681,1795
4709,51.04314632555328,-2.1241816591272555,1040,5443,2106
4710,52.62836074740606,-0.5350709237984406,1902,4276,1607
4711,50.76248155975898,-2.131013166576225,1954,4128,2289
4712,50.199900887867834,-1.7946587755935133,1756,5654,2067
4713,52.35442553673838,-1.199529984260649,1861,4452,2113
4714,51.51247287092797,-2.7718125587264293,1808,5673,1835
4715,50.52047120300913,-0.5599931081947496,1588,4835,2225
4716,50.45839721557964,-2.48141357913502,1825,4957,1527
4717,50.146551634329356,-2.851504517464189,1138,4842,2099
4718,50.13070437135754,-2.425955493122151,1093,4300,2110
4719,50.65550326912487,-0.5548926013298514,1490,5982,2471
4720,51.253565789972235,-0.7064815235522035,1671,4949,2160
4721,52.170643999992315,-1.692763445452822,1398,5346,2203
4722,52.767616377641076,-0.426248930786711,1727,5953,2422
4723,50.43734237305335,-2.2005651946726648,1630,4097,1820
4724,51.19076234629524,-0.43529861999207053,1322,5005,2189
4725,50.987797024362315,-1.893792899718886,1946,4367,2259
4726,50.287732273637445,-0.5610054042055519,1495,4415,1638
4727,51.24892870872028,-1.9407592076399398,1880,5112,1983
4728,52.44686552606976,-0.7619896642195094,1287,5254,2425
4729,52.366876341924375,-0.5767683598850448,1572,4262,2169
4730,51.7148672318165,-0.18094650659917777,1792,4298,2187
4731,52.3147617652803,-2.723653583986321,1106,5117,1835
4732,51.3135248222251,-0.5100033214026567,1388,4654,1653
4733,51.883394295265205,-1.8242176068259799,1858,5801,1967
4734,51.0893897272546,-0.47691946466436663,1560,4178,1898
4735,50.890401835959736,-2.3487891410357644,1404,4658,1997
4736,51.20972151383477,-2.194906872622643,1347,5871,1815
4737,50.17022550427055,-2.4122614544603627,1515,5639,2193
4738,50.53240497348706,-0.19994586780932355,1803,5619,2470
4739,52.45434285942377,-0.7763986542192529,1987,4708,2074
4740,51.65771520366282,-0.7980103598266806,1013,5453,2279
4741,52.00290517250444,-2.433233306139454,1533,5203,1842
4742,52.23774581727822,-0.2590138223358105,1238,5443,1771
4743,50.011978897803175,-2.135801802196471,1542,5448,1889
4744,50.892688511610835,-3.3845752131428646,1972,4192,2439
4745,51.67460931608731,-1.4846213936498736,1219,5736,1574
4746,51.67934602846575,-0.019212262413513148,1998,5510,2223
4747,51.09678340197904,-2.0349092414985064,1013,5238,1766
4748,51.19456021294184,-0.08163843674265703,1433,4925,1563
4749,51.32493092479995,-0.7311800355447398,1498,5263,2323
4750,51.344352179104526,-1.0573430743991885,1740,5024,2268
4751,51.423889295928426,-0.21968918946660976,1752,4903,1759
4752,50.249890130070746,-2.999211373068633,1419,4212,1780
4753,52.0515877188609,-0.8408202369016013,1964,4142,2310
4754,50.43050237989157,-1.0544496638506393,1520,5647,2226
4755,51.85495434096887,-1.832280719858033,1724,4757,2199
4756,50.87735189395772,-2.700412773178579,1917,4864,1829
4757,52.63426448391576,-2.4928616438663975,1184,4142,1889
4758,50.197456329435866,-0.15518828410262486,1130,5867,1752
4759,52.52384700820059,-0.5529859556179932,1541,4213,1846
4760,51.54335970816294,-1.284974170018462,2000,5478,2236
4761,51.16879295689548,-1.056618551119223,1187,4802,2180
4762,51.1010041596482,-2.991235348450511,1398,4419,2405
4763,50.87496651502908,-0.24729540360553948,1814,5489,1922
4764,52.14798133789716,-0.8173907887595973,1456,5059,2113
4765,50.945618384254146,-2.814390225750473,1624,4606,1652
4766,51.99738862903987,-0.8453673477755919,1872,5511,2402
4767,52.15163357746195,-1.4687079623466293,1765,5228,2444
4768,51.29210795646932,-0.532005279620066,1366,5905,2141
4769,51.687179612383176,-1.4720196366904992,1783,5514,1739
4770,51.42011746739219,-0.11947326813423764,1859,5500,1914
4771,50.76321951047163,-2.0862847685156476,1936,5757,2193
4772,51.4140993215103,-1.983442697544243,1702,5204,1621
4773,50.851066990327844,-1.7358839087845468,1223,4410,1834
4774,51.495124200863955,-0.10676047563997138,1573,5546,1854
4775,52.72738325615565,-2.3306242618764705,1313,4555,1536
4776,52.59784352841455,-1.2819539952272052,1616,5426,1659
4777,49.94602300901253,-1.6793361233578323,1539,5919,1958
4778,51.18179951633555,-1.6389962615805733,1583,4341,1760
4779,51.503800573078465,-1.8397154356143037,1191,4212,1532
4780,52.22597905930998,-1.0937849223029756,1685,5341,2446
4781,50.98444839416817,-0.45180928409881504,1802,4250,2088
4782,51.8785435591257,-0.9704196525910493,1966,4074,2232
4783,52.072426095458866,-2.9795588190339535,1461,4005,2391
4784,52.39131436846231,-0.561393871371568,1746,5339,1728
4785,50.66599672245846,-0.27555449364509466,1078,4208,1929
4786,50.82411587317528,-2.116693136001663,1647,5632,1922
4787,52.77184841644288,-1.4574386533544859,1888,4785,2424
4788,51.895135985266165,-2.2765752953967704,1440,4171,1984
4789,50.340765492107025,-2.7253235068873645,1657,5764,2471
4790,51.985567394161855,-0.6052003556448042,1308,5270,1574
4791,51.17902082062237,-3.2196003204013675,1067,4150,2469
4792,52.74592898316766,-0.365175812257033,1041,5396,2194
4793,50.38123617850878,-1.0585526348426968,1551,5366,2134
4794,50.14426489611321,-1.208751095024859,1557,4093,1577
4795,52.741808444286875,-1.0626506310055768,1737,5090,2153
4796,51.24733299316176,-0.3260942374247606,1621,5151,1702
4797,52.59549277717198,-1.0609224873284209,1332,5991,1748
4798,50.12194366412836,-0.5291129646274748,1008,4808,2014
4799,51.39186715973385,-1.7717235550592048,1605,4778,2004
4800,51.18845464406446,-2.292683728869138,1010,5613,2159
4801,50.53057402510296,-3.0351314124427873,1177,4670,2484
4802,52.219633301878304,-0.0022586130268353877,1614,4439,1749
4803,52.65872293367893,-3.3954102340164285,1569,5275,1867
4804,50.234621435838434,-0.2816676664666278,1582,5970,1539
4805,52.60826797374585,-3.2096627660268067,1697,4808,2141
4806,50.64413976554761,-2.204305233844768,1162,5364,2145
4807,50.96135852762708,-1.1444525135491084,1077,5699,2365
4808,50.40039061571961,-3.2056742434917602,1390,4505,2101
4809,52.3227843179478,-2.1096402351746226,1405,4875,1968
4810,50.66728957315922,-2.9661717954756166,1253,5195,2456
4811,51.452997103034996,-2.0885110309759725,1355,4646,1555
4812,51.933659658018975,-1.3961236092881641,1570,5246,1525
4813,51.52197368256806,-2.804248932439511,1940,4908,1740
4814,52.63290457978944,-2.123131876937985,1803,4974,1859
4815,50.95920522242065,-0.46407130462377966,1143,5015,1762
4816,51.045330888445136,-0.6954152377144518,1705,4967,1747
4817,52.17956037717574,-2.6097226999551615,1842,4247,2109
4818,51.74395269420079,-0.23650459785672018,1025,5282,1694
4819,50.02489308924282,-1.7849709807718035,1748,4397,1830
4820,52.16892995683311,-0.9543378953208315,1370,4409,1886
4821,51.85023760258056,-3.253175814391065,1130,4795,2276
4822,51.445750213293614,-0.4555591524079592,1284,5648,1714
4823,50.00586201750918,-3.343383798100997,1489,4649,1822
4824,52.77843083037412,-2.09010822046626,1048,4220,1518
4825,50.63713143325624,-2.5342265776550144,1058,5207,1986
4826,50.371706053405575,-3.1242018158557547,1459,4975,2106
4827,51.3978858276854,-0.7669320440553711,1922,4692,1959
4828,51.770632578560004,-1.2192926709165777,1756,5392,2154
4829,50.357530387234746,-0.7806364013509759,1295,4521,1674
4830,50.46927194343359,-2.9586137382823723,1975,4367,2168
4831,51.7609631589047,-2.626693246947063,1454,5459,2466
4832,51.782242714764955,-2.5285211607450453,1787,5433,1713
4833,51.856955775107515,-2.508045967512241,1759,4171,2298
4834,51.42400715673832,-3.060692363326187,1591,4888,2034
4835,51.55347858047369,-2.442803285812798,1381,4441,1826
4836,51.272134259924215,-2.577244944239947,1623,4117,1749
4837,50.771524133331084,-2.365005474924776,1307,5077,2322
4838,50.93336960842082,-1.4903934673741939,1631,4306,2268
4839,50.36079420280591,-0.5782412110748885,1469,5651,1618
4840,50.63270956847261,-2.4054712963033142,1076,4468,2304
4841,52.39232267253588,-2.29801966609588,1045,4961,1903
4842,50.29960995030464,-3.0306295032209474,1304,4600,1567
4843,50.07378229191725,-0.6509078041358878,1133,5144,2441
4844,51.49570937021676,-0.6190623328223266,1458,5969,1739
4845,52.310758553936715,-3.2647154536764305,1643,4792,1869
4846,50.178099665455754,-0.3968190668779985,1393,4899,1817
4847,51.13434274195367,-1.725307650048052,1134,4693,2447
4848,52.76645880344547,-1.485350870315815,1861,4550,1875
4849,51.34211393430769,-0.2997038125939766,1148,5870,1907
4850,50.759824043926436,-0.19195510472042443,1796,5758,2425
4851,52.287590018189114,-0.45392702291013176,1124,5658,2401
4852,50.521811033776444,-3.393527130059727,1327,4272,2359
4853,50.20425054683225,-1.7553124298530767,1081,4015,1691
4854,50.547749934269675,-0.3872331918951195,1601,4527,2293
4855,52.30928810868637,-3.298537987129245,1973,4524,1553
4856,52.20926552187016,-0.9332475195767063,1164,5760,1994
4857,50.25087643645466,-1.2217216604607626,1985,5117,1980
4858,52.21328864035215,-2.767612131484864,1774,4912,2020
4859,52.19378129895122,-3.1892298402893147,1710,4778,2177
4860,51.62349088929656,-2.786281783290398,1835,4491,2252
4861,52.005140602647224,-3.106436429918839,1879,5374,2158
4862,52.48941873274833,-0.5702043274767363,1186,4014,2405
4863,51.54680859555863,-2.051316266811616,1700,4209,1695
4864,51.04890988715412,-0.3565445487169021,1992,4017,2026
4865,51.4069947433514,-2.996436364933607,1766,4273,2205
4866,51.465979836432844,-3.0991506097698798,1920,4431,1777
4867,51.277542961446166,-3.234174054968584,1224,4504,2167
4868,50.02253180192506,-2.172298540495413,1627,5482,1939
4869,51.38008528093367,-1.2595378341105223,1615,5071,1889
4870,50.23968743259215,-0.06732202227398876,1580,5029,2271
4871,50.792799270834664,-1.7450713858641624,1957,4100,2093
4872,50.80722520325951,-0.6385471852792213,1095,4112,1808
4873,51.48069402730611,-1.1487089108693889,1699,5100,1773
4874,51.371629157572805,-0.5129755765581585,1536,5721,2355
4875,50.45507453222971,-2.40332691761301,1290,4264,2135
4876,51.28431964876024,-0.20968489800918233,1443,5248,1971
4877,52.238884710365696,-3.334056175126741,1253,5561,2275
4878,52.571508968313815,-1.7602734683204482,1072,5070,2467
4879,52.69685797386931,-2.5786501369072004,1678,4405,2410
4880,52.537519458128585,-0.6906030044837923,1391,5366,1819
4881,50.04271950712625,-0.8602732829767565,1439,5102,2469
4882,50.40499193474136,-0.5529191522369041,1046,5024,2220
4883,52.08230722980913,-1.1984512398071416,1425,4646,1542
4884,51.22300278979574,-1.2634388561275607,1322,4992,1633
4885,52.0441626622638,-0.6524186002000638,1547,4552,2054
4886,50.79992590229618,-2.5391025717733173,1236,4978,2064
4887,51.094026732291034,-1.4848973295021373,1197,5937,2244
4888,50.81711991909317,-3.202148775609757,1735,5351,1586
4889,52.43018731480497,-3.1566847983415376,1074,5485,2352
4890,51.73407415581292,-1.0987338325839797,1746,4075,1792
4891,52.66735517845888,-2.566209056421066,1456,4600,1530
4892,50.39132071727701,-1.484442561020131,1555,5676,2083
4893,50.290274643561034,-0.7002868890033658,1030,5637,1631
4894,50.036179790315984,-0.5640418188407561,1043,4686,2133
4895,50.20506490136515,-1.218299434790783,1943,5265,2342
4896,50.988692636610025,-1.8679075842478454,1636,5362,1905
4897,51.546235081299834,-2.8492622551946956,1780,5830,1965
4898,50.143947324815905,-2.5344688586432,1383,5186,2430
4899,51.14927095931251,-0.5107406006516122,1031,5709,1773
4900,49.91084910670034,-1.9874619796553559,1385,4580,2210
4901,50.870683045098495,-2.025143942465351,1497,5576,2357
4902,51.913432591615326,-2.3929372823987745,1108,4550,2267
4903,50.696620208817976,-1.8421560559258678,1671,5628,1754
4904,50.050191357120234,-3.296738783125911,1693,4667,2288
4905,52.18763448676046,-2.965197646186355,1574,4938,2337
4906,50.51133658273678,-0.9506193560688851,1456,4525,1695
4907,51.17468380341177,-1.5231665994343782,1147,4749,2435
4908,50.15999900822531,-0.20801384782659893,1818,5583,2438
4909,52.601302604010314,-2.237269083501919,1715,5917,1503
4910,49.90563469327336,-1.0931269692279626,1775,4799,1900
4911,52.561681354758385,-2.0949351451860547,1541,4079,1758
4912,50.76252270131465,-1.5012319014994155,1983,4766,1904
4913,51.72364062977448,-1.366132364018477,1571,5309,2367
4914,50.58372038447062,-0.11370677074132596,1744,5948,1524
4915,52.54260044879768,-0.8448192852018654,1836,5140,1733
4916,52.07967783315762,-2.0531367911158878,1259,5985,2413
4917,51.81232851980646,-1.8454520017030318,1863,4190,1818
4918,52.11473996527002,-2.1605688376020202,1463,5438,1762
4919,52.31333415179785,-1.8897551565926447,1179,5762,1585
4920,51.08528038033507,-0.22133160940402608,1717,4259,2266
4921,50.815850482448965,-3.0124381514572347,1976,5325,1981
4922,50.5773396127111,-3.0008645270826855,1597,5190,1603
4923,52.07851451448245,-1.209578315654431,1489,4499,2221
4924,50.193064627943194,-3.1565176913416986,1323,5646,1535
4925,51.91006681124444,-3.1632617648523382,1903,4270,2476
4926,50.76900926174819,-2.8548812114191233,1692,5607,2017
4927,51.80934786906712,-2.205498440914619,1358,5089,2294
4928,52.283527322166634,-0.2568664936020695,1319,5942,2242
4929,50.45532354926554,-1.429719490411774,1814,5625,2497
4930,50.77159539203234,-1.9177972184162917,1604,5797,1827
4931,51.161445498569606,-0.007169384566509951,1077,4706,2224
4932,50.413020293624974,-2.4650616791743896,1617,4695,2464
4933,50.78196463949151,-2.089534962699697,1282,5115,2215
4934,50.82312591414268,-1.5634243719401597,1600,4524,1527
4935,52.123705404765104,-2.8468986521369337,1054,4124,1865
4936,50.84064699850654,-2.698766911116299,1561,5106,1801
4937,49.92165402489964,-1.7339284437104174,1650,4199,1661
4938,51.29408382675222,-2.494222456216109,1218,5168,1948
4939,52.661939640644796,-3.0571787191833275,1962,5968,1752
4940,50.82572734995027,-2.084503757495906,1153,4567,2128
4941,50.31462868369154,-0.25050974998956255,1920,5910,1600
4942,51.181919736559195,-3.0497764326769334,1040,5439,2467
4943,50.27663512744359,-0.2526802532125161,1388,5713,1608
4944,50.88160384645707,-1.820291215811927,1028,4572,1716
4945,51.392215957282744,-0.1511024187372776,1165,5616,1511
4946,51.9421022404346,-3.2871932546101785,1952,4001,2308
4947,50.35478303756943,-1.1302904150904691,1989,5643,2361
4948,51.656084897018765,-2.319671771645328,1900,5570,2212
4949,50.95672446153063,-1.0874915145753348,1128,5755,2097
4950,51.781086046660235,-1.8118309042026632,1702,5286,2477
4951,51.16357915012023,-1.3616107922028804,1790,5287,2169
4952,52.164945279454294,-2.5723646315278264,1349,4662,2010
4953,50.77236421830775,-1.4353069034721513,1992,5183,1736
4954,50.901496080456255,-1.586087756371237,1047,4578,2045
4955,51.91711181267779,-3.073870886557785,1795,4708,2184
4956,52.350628939524704,-2.268819835253641,1578,4279,2360
4957,52.027962648167744,-2.119340140943479,1399,5290,2022
4958,50.9435054165135,-2.3146754624119357,1707,5591,2053
4959,51.55327853629234,-0.40516962609385443,1122,4253,2240
4960,50.96678006785338,-3.0054195309087195,1616,4761,1964
4961,50.2148317034355,-3.246139597270999,1044,5291,1937
4962,50.59992672706516,-2.812513143054201,1733,4022,2106
4963,50.24967092545226,-2.189943650983029,1230,4494,1773
4964,51.6882350616777,-0.39581595439430695,1264,5734,1968
4965,51.41574629810917,-0.2876028372932353,1347,5611,1629
4966,51.224092125448976,-0.7492372650900951,1658,5063,2464
4967,50.29329727106546,-0.6247829762786563,1322,5616,2269
4968,50.35766127522224,-2.1282869465014445,1920,5934,2173
4969,51.8652615644481,-0.9847754599398915,1201,5447,2372
4970,51.00348350449755,-0.33428497323994755,1217,4167,2031
4971,52.60666279061864,-2.1933283216373027,1267,5585,1853
4972,51.20096731902653,-1.774573629744999,1116,5926,2476
4973,50.0389077180235,-0.5293715533092183,1825,4026,1758
4974,51.05371595402044,-1.4520505640413808,1506,5769,1564
4975,50.44364503190127,-0.25260040310102694,1505,4375,2116
4976,50.631509580414836,-1.0712801040833577,1503,5471,2209
4977,50.37527466791059,-2.1411781964633185,1647,5166,1791
4978,50.42036956065031,-2.1674815554367552,1270,4772,2361
4979,52.75550462725906,-2.929308643453681,1557,5995,2447
4980,49.910528198710104,-1.3791576163592913,1671,4552,1823
4981,50.21975744667339,-2.915308164219863,1570,5623,2484
4982,51.803743633159876,-0.2768855038087725,1320,4546,1651
4983,52.34758593223488,-2.9178374914226484,1765,4852,2060
4984,50.56831387903472,-1.8667666499506312,1434,4247,2216
4985,51.48971716787121,-1.120726004014001,1221,4809,1693
4986,52.18657919198612,-3.291371934968266,1852,4978,2197
4987,51.22857427106209,-0.32939621155491094,1488,5115,2429
4988,52.31738704702335,-0.685357492645601,1100,4624,1612
4989,50.582327689062765,-1.3034968293741507,1175,5647,2014
4990,49.96499439564721,-1.6454730170917211,1543,4017,2255
4991,52.200588458980505,-2.80416047278779,1832,4665,2364
4992,51.3729199574712,-3.1738383182687184,1350,5896,2298
4993,50.80141764371697,-1.8917716925145895,1360,4946,1921
4994,51.00859824242866,-2.940987984776097,1411,4795,1881
4995,51.79453754962151,-3.0608476968712846,1895,5201,2265
4996,52.235310558674406,-0.952865752600994,1707,5766,2379
4997,50.9907886546459,-1.039803233314287,1742,4834,2356
4998,51.633160937530825,-2.7292821742638327,1477,4004,1550
4999,52.416785897342955,-1.2454580967576026,1819,5871,1804
5000,52.764823277041785,-2.6327336210593764,1950,5665,2339
